,volume,price,close,times,K,D,J,rsi10,rsi5,macd,WR5,WR10,Prediction_Result
996,407140,14584257,35.405,218,74.72643985,75.66612124,77.54548402,62.82028549720804,64.41932582172002,0.0913091205770953,-27.777777777777825,-26.31578947368413,1
2397,1588239,37015850,22.685,651,75.94316126,66.62784575,47.99721475,61.929957377005216,71.41585169714838,-0.0151101244958587,0.0,0.0,1
532,673588,27690597,41.434999999999995,222,21.44180696,33.53348607,57.71684431,55.4017088906904,47.44444171872962,0.5347735584767066,-59.99999999999943,-79.99999999999972,0
1851,566474,16681885,29.23,276,72.5122801,66.07269793,53.19353359,63.538266124562085,68.24779767907994,0.2106024857254693,0.0,0.0,1
439,288066,11515831,40.13,170,35.89296052,40.30745711,49.13645027,32.41000183008616,29.08039001037785,-0.5270574230813045,-100.0,-100.0,0
718,2266601,79493770,36.27,599,28.60763777,31.68928741,37.8525867,22.855132837035903,16.25816822285542,-0.2936944822243452,-93.10344827586243,-93.54838709677456,0
2124,4697079,161614994,32.785000000000004,2272,87.82484767,81.97822437,70.28497777,84.45735579182588,88.76627873200647,0.6762569846429752,0.0,0.0,1
2289,1449294,31009130,21.55,716,26.31890257,17.7148856,0.50685166,31.769741830723603,40.16781699973752,-1.5884133180831586,-8.571428571428694,-62.962962962962976,0
406,323600,13875210,43.334999999999994,115,30.10234536,46.27457416,78.61903177,53.53703369442449,42.50711205185631,0.4616099327144285,-100.0,-100.0,0
1660,546779,16311046,29.339999999999996,376,65.59289375,64.60879052,62.64058406,59.15170529490776,66.15872209654839,-0.191493140628574,-15.384615384615092,-5.405405405405296,1
479,150724,5783650,38.475,91,32.99876298,28.3018817,18.90811914,37.95783404240844,43.160487839377325,-0.3989131702322649,-33.333333333334124,-64.70588235294157,0
1714,495059,13632276,27.380000000000003,346,50.5356493,51.30020839,52.82932658,50.88342810111168,49.32077723625832,-0.0670151012647323,-100.0,-51.85185185185188,1
1084,1771251,70652365,39.989999999999995,835,38.85248921,49.67653631,71.32463051,53.93999539919703,45.61282363598884,0.5380491135375087,-87.50000000000067,-91.66666666666708,0
357,309174,12714353,42.475,165,23.14108574,38.68893192,69.78462427,33.70568717416907,25.99335552242904,-0.1991143396584269,-100.0,-100.0,0
1502,583473,17909873,30.625,397,29.36379635,31.41281625,35.51085605,49.34498810450791,47.41421981717684,0.1466781010669863,0.0,-75.99999999999994,0
1352,1177558,42828033,36.364999999999995,548,82.21756899,70.44362613,46.89574042,56.457453206448605,70.2667609656611,-0.1571702100655546,0.0,0.0,1
251,112050,4055664,35.53,73,73.87783412,59.59131922,31.01828944,51.548926796804615,56.953725015261,-0.4805610608271887,-32.432432432432485,-27.272727272727305,1
743,1196780,39572874,33.295,476,23.98833752,24.34002485,25.0433995,38.706865586529226,42.92343425451723,-0.7536703096904875,0.0,-74.62686567164177,0
722,348958,12345855,35.78,194,23.63482431,26.0325023,30.82785828,33.106904291862925,34.435357287354975,-0.44329637403595,-57.14285714285773,-82.85714285714302,0
883,993233,37191338,36.88,426,64.44832668,61.6541314,56.06574084,67.79905452881378,74.96067221601675,0.0905329425691498,0.0,0.0,1
1027,724912,27288583,37.98,416,23.62439733,42.70026637,80.85200447,54.069962760026925,40.89082603854007,0.5593622098569259,-100.0,-100.0,0
1304,1237204,45688464,37.339999999999996,809,22.84501743,44.58604507,88.06810035,46.85566595139326,35.43039232979008,0.36523625036399,-100.0,-100.0,0
513,503133,19683747,39.335,202,42.21681453,47.76893639,58.87318011,46.8646872810784,36.71669106456528,0.1730616261296103,-87.50000000000067,-87.50000000000067,0
1015,895005,32755176,36.614999999999995,434,54.1549422,59.01291112,68.72884896,70.16476119083607,74.1864001495419,0.3439954801049361,-14.285714285713416,-11.111111111110583,1
1986,703630,20696607,29.28,432,53.67596365,53.45628252,53.01692024,58.52344232824998,62.27110854492122,0.0313958578910769,-16.666666666666863,-9.090909090909207,1
1925,648956,19204505,29.589999999999996,356,30.9692795,28.40070113,23.26354439,44.12730049318315,46.09440042726966,-0.1469975075734687,0.0,-73.91304347826078,0
1539,563965,18775479,33.394999999999996,292,51.5471201,68.31611054,101.8540914,60.901850336555,51.25757070468397,0.6575287679496016,-100.0,-89.47368421052619,0
92,921861,40136674,42.9,361,67.51208944,61.84732651,50.51780065,71.13086635823986,84.62293981390965,0.2056391959939448,0.0,0.0,1
623,424913,16082109,38.705,155,20.09536775,16.89703977,10.50038382,21.06460601438157,12.382168535075282,-0.3311399102867925,-100.0,-100.0,0
144,239908,10456974,43.175,124,50.84713675,55.75828212,65.58057285,49.595727127295056,50.12092274978208,-0.2123697594917953,-100.0,-36.36363636363651,1
634,167661,6481280,37.905,89,81.2324282,67.58724313,40.29687297,56.636420521084574,67.47991436924386,-0.4285287980757994,-9.523809523809009,-5.88235294117615,1
1202,516475,19382410,37.46,321,71.58926555,66.44109157,56.14474361,49.3119299715574,49.44273240834502,-0.0398894497352489,-50.0,-35.71428571428557,1
1123,1323630,55311095,41.410000000000004,744,52.44352832,36.49769357,4.606024076,60.56051782347885,67.13852445718852,0.2111748027969906,0.0,-20.000000000000284,1
1958,1591776,45227434,28.965000000000003,683,19.75061155,18.82336106,16.96886009,35.1883358092023,28.481192260580844,-0.2920730270643269,-100.0,-100.0,0
1631,579667,18052505,30.970000000000006,323,46.6846094,42.41212324,33.86715094,57.62986264919113,61.67486514861649,0.0560272795022062,0.0,-42.85714285714276,0
1933,1480241,44880754,29.835,717,74.01680015,71.55869305,66.64247884,66.78352491439169,81.32344112935654,-0.0923585926946822,0.0,0.0,1
2043,720152,21442338,29.74,398,48.69817724,51.96054316,58.48527499,61.530961044062494,62.997322590173866,0.1619963005077578,0.0,0.0,1
1166,916041,33970655,37.864999999999995,509,29.58767283,49.29498248,88.70960176,34.30835264767609,24.7684271568942,-0.2656997814449079,-100.0,-100.0,0
1031,1012545,37861335,37.644999999999996,714,26.5432847,25.35713078,22.98482292,52.9488326910944,44.91563967520767,0.4451244082086561,-66.66666666666666,-77.7777777777776,0
2165,2513000,78078700,31.580000000000002,778,9.413198687,20.05056822,41.32530728,36.90053369113595,25.983414981092807,-0.0492388437771491,-100.0,-100.0,0
218,640000,23699000,37.989999999999995,273,35.79176745,48.41316757,73.65596779,40.15613603965559,35.29297674576129,-0.376518905361558,-100.0,-100.0,0
1293,2276251,84428855,36.38,898,83.98267473,86.21724793,90.68639432,73.75927942412405,80.70330643321427,0.1369797955971571,-15.384615384615635,-8.695652173913178,1
1638,383010,11090440,30.184999999999995,248,12.48161949,27.01475975,56.08104027,26.311657386495902,17.89141848360016,-0.1346263130864193,-100.0,-100.0,0
1070,2097753,81225094,38.995,895,60.56289047,72.14411562,95.30656592,61.38528924224597,57.78631837576123,0.4168447520180439,-71.42857142857115,-55.5555555555555,1
1848,208193,6066569,29.189999999999998,142,60.56227869,59.93307684,58.67467315,54.985309661752346,50.52369777674084,0.2259534854330191,-50.00000000000059,-57.14285714285773,0
1215,1043797,38737856,37.165000000000006,708,41.74732824,34.67224512,20.52207889,42.99749027824615,42.77169269674357,-0.1044850470764237,-42.85714285714431,-66.66666666666745,0
790,1282302,43894319,34.555,568,62.16846456,66.40480875,74.87749714,46.9993491041017,38.53857835030439,0.1296378104351288,-100.0,-76.92307692307709,0
1173,761731,28428664,36.834999999999994,532,71.63445024,58.06487791,30.92573324,53.703183777215145,63.090536756829685,-0.367178270694935,0.0,-5.263157894736921,1
1204,630591,23626590,37.504999999999995,431,70.33596988,69.01261321,66.36589988,50.412803592263245,51.70855750633613,-0.034037103383023,-66.66666666666825,-28.571428571428864,1
1490,720902,21997552,30.47,347,63.2976118,56.97416543,44.32727268,53.86599744312218,52.2082460479641,0.2364863822188009,-23.07692307692291,-37.50000000000006,0
723,556653,19631747,35.635,311,24.08988287,25.38496249,27.97512172,33.106904291862925,34.43535728735497,-0.4683909068857781,-57.14285714285773,-81.81818181818198,0
1529,1358895,44486663,31.439999999999998,582,67.59507403,57.22421912,36.48250929,79.42538275379218,85.92795518743435,0.1991256363922761,0.0,0.0,1
84,509200,21625847,41.81,205,45.79131416,39.07533235,25.64336873,57.1448955889757,65.09185062717361,-0.0076896330449456,-8.695652173913178,-7.1428571428572525,1
1037,998009,36896529,37.185,645,14.02615392,12.9916647,10.92268626,46.05045977117286,44.00047606757826,0.1991338451726748,0.0,-65.00000000000057,0
209,524852,19844277,37.6,171,62.95240322,51.09585846,27.38276895,45.92351975199381,54.16390941577901,-0.6859538094642138,0.0,0.0,1
1489,849567,26019355,30.51,416,59.23213198,53.81244224,42.97306275,57.03020976150117,59.05854646187053,0.2465154735930075,0.0,-27.777777777777825,0
1763,672679,19435291,29.115,350,29.87255642,27.74505303,23.49004624,47.30347318645935,43.58340494153485,0.1174245043794663,-62.50000000000022,-66.66666666666693,0
1868,222680,6366398,28.659999999999997,139,50.9142014,39.49764264,16.66452514,42.9615820084144,43.36599139545177,-0.0590609958550479,0.0,-41.66666666666681,0
2033,437958,12939000,29.555,244,66.96888214,74.79292387,90.44100732,60.854978697177074,60.786323634813954,0.1092906942024932,-87.50000000000067,-43.75000000000014,1
433,263669,10567142,40.22,123,20.48432072,26.77247734,39.34879056,30.5396962714698,27.38762018291232,-0.607316453247174,-100.0,-100.0,0
1442,526438,15886899,30.875,288,22.67063867,24.52144528,28.2230585,25.450725929529888,28.09231376704281,-0.4756373108688376,-22.22222222222178,-80.55555555555549,0
2009,519690,15201677,29.385,296,53.45885371,66.73451835,93.28584762,46.42154469944707,40.5270364169638,0.0575246421755749,-100.0,-100.0,0
727,867781,30137672,35.17999999999999,348,53.51097747,37.07769981,4.211144483,46.0310561849151,53.938550078678205,-0.5471794516903601,0.0,-14.285714285714432,0
247,187500,6544050,35.385000000000005,103,27.35798448,23.14456218,14.71771756,36.07559231155657,36.31148947183191,-0.5997348467744149,-29.99999999999972,-83.72093023255806,0
2006,330768,9669361,29.225,241,67.73980774,69.80536815,73.93648898,52.16431932082784,50.73795216781805,0.0329614037850871,-83.33333333333314,-42.857142857143,1
1287,593957,21443417,35.965,318,82.19617966,76.70203287,65.71373929,60.49103965641913,66.65591698455871,-0.0064236947579235,0.0,0.0,1
1422,733075,23704680,32.575,400,62.41172007,68.49351371,80.65710099,41.43330331520304,40.10515818878822,-0.2925032845019999,-100.0,-100.0,0
540,616000,25498699,41.28,218,52.94662534,49.26807199,41.91096529,55.20302040092784,52.56365866781061,0.3565681660976823,-83.33333333333314,-55.55555555555565,0
1902,1497651,45905525,30.295000000000005,798,66.98478587,55.80743324,33.45272797,61.4596750301062,65.79642342682921,0.2525381467263995,0.0,-8.695652173912869,1
2186,2871680,88974930,30.669999999999998,990,77.71752918,74.86102764,69.14802455,56.75015554274553,65.77027459595803,-0.1885130565682651,0.0,0.0,1
1083,754238,30116945,40.015,533,48.27873381,55.08855986,68.70821194,59.37124797856866,55.602362473028485,0.5616729899817664,-50.0,-50.0,1
1806,312625,8676122,27.755000000000003,180,46.96981506,45.52741463,42.64261378,44.57123989771232,44.50725698795044,-0.1175459498528187,-60.00000000000085,-60.00000000000014,0
1661,763805,22475556,29.464999999999996,476,51.66510377,60.29422827,77.55247727,49.62163332648253,46.57083331622319,-0.1504356802612967,-100.0,-44.44444444444436,1
1235,981200,34890430,35.795,642,26.71315641,23.23622121,16.28235079,36.473612399296655,37.73970491564491,-0.3775829027751464,-88.888888888888,-73.68421052631568,0
1418,548124,17813659,32.475,334,74.90164053,61.7193027,35.35462703,51.35440170366865,64.91621673314808,-0.3912182474891014,0.0,0.0,1
2361,603224,13856752,24.01,315,15.84010279,28.58059891,54.06159115,34.53537714365366,25.39006547728252,0.04387900211113,-82.35294117647071,-93.6170212765958,0
1519,843131,26033346,30.744999999999997,488,48.90193351,49.6950695,51.28134148,55.13631259267168,58.63409835692856,0.0750398833126677,0.0,0.0,1
1457,393572,11202464,28.590000000000003,204,30.78476323,19.72975147,-2.38027205,26.792671775380107,37.87806268189557,-0.8185190622526659,0.0,-50.0,0
458,277610,10995954,39.895,182,8.082361861,14.56507777,27.5305096,31.150920548333303,20.74723352817889,-0.228533614423246,-100.0,-100.0,0
1593,412004,12990821,31.140000000000004,227,75.69433201,52.87826431,7.246128904,48.90131896819964,64.72176675714395,-0.4170973716237357,0.0,0.0,1
1172,448629,16579935,36.88,368,61.73738965,51.28009174,30.36549592,47.93625015033021,54.102903037411366,-0.3811440566672289,0.0,-37.77777777777784,0
859,356291,12981676,36.309999999999995,179,66.78476051,59.44157925,44.75521673,53.77702099347166,58.54015894873377,0.0312787361645663,0.0,-18.75000000000061,1
282,1322511,49914485,38.019999999999996,174,21.19589457,28.33749703,42.62070195,50.9981400307145,47.02463209039419,0.3313939318705498,-16.66666666666588,-83.33333333333334,0
236,169300,6193380,37.05,95,29.38069011,34.31338584,44.17877731,41.444591206636886,39.71636729361244,-0.3087006610455113,-64.28571428571443,-87.80487804878047,0
1987,1406371,41635829,29.335,732,62.45064243,56.45440249,44.4619226,60.51906591745536,65.97386960439184,0.0497291504071567,0.0,0.0,1
2422,1020964,22643787,21.96,424,70.58734829,59.87968739,38.4643656,49.67137772167485,51.61796676110208,-0.1693145438449672,-46.666666666666856,-29.166666666666803,1
1137,907218,34446653,38.5,466,29.43350834,23.19886986,10.7295929,30.698857588363644,27.92671327712365,-0.5842321073332565,-87.49999999999956,-88.46153846153805,0
2271,2683469,72803129,27.49,1013,16.95507847,28.98228596,53.03670093,31.05083494241892,23.90778902318985,-0.3779501478674736,-100.0,-100.0,0
655,273486,10729549,39.17999999999999,125,60.86307706,54.18048903,40.81531298,62.58702406122364,68.75778774042439,0.1335898390476663,0.0,-25.000000000000444,1
1461,482156,13524137,28.365000000000002,256,18.8319553,22.96187422,31.22171205,19.21094731183689,18.39750997255865,-0.7676305033153235,-100.0,-100.0,0
1367,780700,28724150,36.85,380,38.64838245,39.12210236,40.06954217,52.83768549693251,52.93231851941547,0.0386962290146139,0.0,-40.00000000000057,0
281,222329,8374935,38.045,100,20.85634186,31.90829826,54.01221106,50.9981400307145,47.02463209039419,0.3583443061996908,-16.66666666666588,-83.33333333333334,0
2433,920635,20179041,21.75,460,40.31854349,26.13199651,-2.241097434,51.42502225372328,60.97349753307553,-0.1704394113675893,0.0,-10.000000000000142,1
1517,457499,14078719,30.744999999999997,317,47.5293504,50.96100611,57.82431753,53.02547952665129,52.46125497131432,0.0761852930700182,-50.0,-25.000000000000444,1
350,443338,18902617,42.525,214,63.18978047,47.62629713,16.49933046,50.59711766072624,56.541303503386494,-0.1542182604624434,-13.636363636363487,-13.636363636363487,1
16,958726,37074077,38.495,360,52.53552428,34.60482045,-1.256587231,30.201886684509503,56.21929055333671,-0.150713651736589,0.0,0.0,1
586,429049,17242610,40.58,226,32.89865771,43.23553895,63.90930143,42.831764674547216,39.4058130458258,-0.1109381089318874,-100.0,-100.0,0
1090,2845901,117688284,40.16,1241,73.3465972,61.290784,37.1791576,75.58751178850022,84.3529434250307,0.4552911817819879,0.0,0.0,1
1440,1080511,32323601,31.135,452,18.86607987,27.11967483,43.62686476,15.692274881014622,13.63784258434132,-0.4118721481621721,-89.65517241379295,-91.66666666666656,0
1030,513510,19320666,37.709999999999994,446,20.58415782,24.76405381,33.12384579,58.533925410913,55.463347727757714,0.4744705115398009,0.0,-59.99999999999943,0
929,425676,15125341,35.6,183,59.76258538,68.29558144,85.36157356,53.99744362020327,54.71612821925582,-0.1254753828661439,-80.00000000000114,-45.00000000000029,1
1927,417997,12404507,29.494999999999997,246,60.43079089,43.28009813,8.978712615,47.59608185592647,52.88187481527121,-0.160877759304965,0.0,0.0,1
966,399760,13977003,34.845000000000006,151,57.08610266,57.6399811,58.74773798,48.65725132644716,50.5506053918147,-0.1614203187095467,-72.72727272727191,-39.99999999999986,1
2119,2210833,70820157,31.78,1116,69.83992812,75.98539437,88.27632686,62.62776584001588,55.51458302361202,0.5167017529124361,-80.00000000000007,-47.05882352941183,1
2177,3109070,95643370,30.195,1265,57.72734259,36.16824905,-6.949938036,50.73813254259555,59.057811969279896,-0.3716580928546448,0.0,0.0,1
1465,625577,17442756,28.140000000000004,334,25.11454713,19.41503976,8.016025021,33.9304304298833,43.21477399911984,-0.7215428399290005,-9.090909090909207,-54.54545454545461,0
1557,1383522,45442176,32.92,769,32.47943437,28.68336039,21.09121241,52.15636106402063,55.57298534327014,0.1825580925923859,0.0,-39.47368421052634,0
2298,1028108,23694754,22.089999999999996,470,91.72517931,83.69717736,67.64117344,53.99714518394908,73.12878042979013,-1.2197311112266978,0.0,0.0,1
353,642983,27437069,42.690000000000005,332,68.64401579,60.96901886,45.61902501,49.77479290219516,51.2645922704204,-0.1377089287842089,-54.54545454545461,-40.0000000000001,1
2098,319939,9488037,29.72,218,56.14258431,63.75064297,78.9667603,49.648788017259065,44.83543997082151,0.0294675149708774,-100.0,-57.14285714285773,1
2185,2118841,64978758,30.619999999999997,842,72.45864671,73.43277687,75.38103718,52.24710430607279,57.91583354536382,-0.2142919876916914,0.0,-22.2222222222224,1
480,515742,19612946,38.395,285,24.7769531,27.1269055,31.8268103,30.621198761767708,29.12802691585423,-0.4012593908567005,-100.0,-100.0,0
890,491805,18488084,37.44,277,77.24182099,76.60361719,75.3272096,63.319235219630045,60.5460039349605,0.2124976538680376,-74.99999999999956,-24.99999999999985,1
1706,299453,8068244,27.29,185,54.1350696,65.07808429,86.96411366,44.41678939579574,41.60239245718373,-0.267074105301646,-100.0,-84.61538461538468,1
1618,554642,17100367,30.165000000000003,242,87.27586459,74.84733085,49.99026337,61.37424405706214,75.30249167289718,-0.313525762534389,0.0,0.0,1
310,537690,22600967,42.29,277,63.42387074,74.06257412,95.33998089,61.31340011425883,52.8839137069676,1.010320718433416,-97.22222222222236,-47.297297297297256,1
2001,878068,25916345,28.990000000000002,427,68.74254297,50.39394177,13.69673938,63.29722810213101,74.72773818849289,-0.0238244040864925,0.0,0.0,1
1960,966685,26900130,28.745000000000005,497,17.80582736,17.45871204,16.76448142,32.69805565024405,25.213790231926197,-0.3743040234178615,-94.44444444444436,-96.77419354838706,0
1423,1771753,56816780,32.53,895,49.94114671,62.30939138,87.0458807,33.43384709674916,25.590734252226,-0.2792211874178472,-100.0,-100.0,0
1069,1174583,45676092,38.86,702,68.62211348,77.93472819,96.55995761,60.04209156210416,55.21933965910478,0.3991963856619968,-100.0,-40.47619047619052,1
93,397199,17417274,42.995,201,64.38790459,62.69418587,59.30674844,64.9491052492933,70.04456736293032,0.2486380225263425,-24.99999999999985,-21.42857142857125,1
2005,386854,11328885,29.2,275,73.4847116,70.83814836,65.54502186,50.7057352234856,47.729152057455984,0.0260165171364456,-100.0,-50.000000000000256,1
2276,3025196,79556150,27.15,1407,13.0934517,17.16282835,25.30158165,20.602025517840357,12.041170132783604,-0.3688127218164795,-100.0,-100.0,0
992,406297,14280546,35.05499999999999,222,73.44761275,68.90684584,59.82531201,52.51774717335148,53.21912103996552,-0.0020380965502694,-66.66666666666508,-20.000000000000284,1
1914,567118,17030040,30.365000000000002,243,15.94621669,25.76961275,45.41640485,42.49064697610676,32.83891289309994,0.1353471557106184,-100.0,-100.0,0
818,255235,8885785,35.175,180,28.90091853,36.92676879,52.9784693,44.52139391608733,35.599681730150024,0.1820449604931366,-80.00000000000114,-95.00000000000028,0
382,188013,7770338,40.985,69,50.26580715,52.69322157,57.5480504,45.71733693558839,49.91836013572971,-0.3828728725275556,0.0,-39.999999999999616,0
2128,5255337,183856210,33.940000000000005,1820,82.75677566,84.2555533,87.25310856,72.41084971563531,70.44386506637849,0.9531101392869196,-52.17391304347783,-15.584415584415446,1
1290,652794,23787730,36.085,343,88.2195708,82.96255996,72.44853829,66.93163616109669,75.87230857643986,0.052511498615661,0.0,0.0,1
1525,542404,16743128,30.895000000000003,254,41.05487593,45.7076453,55.01318403,53.15308611336224,52.21664805601311,0.0949623591584632,-58.33333333333344,-58.33333333333344,0
1901,1260855,38394381,30.290000000000003,628,54.13571539,50.21875692,42.38483997,55.60638195537514,56.54125510048986,0.2627602822703366,0.0,-43.47826086956527,0
278,217921,8200662,38.239999999999995,103,36.66991568,55.35590841,92.72789388,51.314175517187934,45.47766712299174,0.4362948936699119,-83.33333333333363,-85.714285714286,0
283,706157,27140693,37.964999999999996,364,36.00559638,30.89353015,20.66939768,59.84510360169627,66.00440536699013,0.3165614004141083,0.0,-26.923076923076543,0
1452,492204,14049741,29.04,283,12.88463471,15.1074468,19.55307097,16.314678178889057,14.705674678844938,-0.7976136261422776,-100.0,-100.0,0
399,280000,12265950,42.88,132,91.34915664,86.35071865,76.35384267,80.04821766723762,91.87207925947187,0.3342428688158055,0.0,0.0,1
617,1387205,54389786,39.375,235,18.52140459,18.96421206,19.84982701,43.12285095679128,44.69454370687143,-0.2085368250600777,-40.00000000000057,-66.6666666666672,0
1594,431201,13574280,31.205000000000002,226,77.54622134,61.10091665,28.21030728,44.93866574678207,54.23567723248559,-0.4003555697321761,-25.00000000000029,-25.00000000000029,1
503,274181,10807063,39.515,173,65.93027484,74.78390958,92.49117906,59.59870001833147,55.945320923845024,0.1769383394483979,-100.0,-44.44444444444436,1
2278,1396094,37265157,26.945,606,33.46888452,24.24250769,5.789754044,31.99099974348633,31.97110666073273,-0.3966869502380442,-63.15789473684207,-73.07692307692298,0
2367,1017054,23436702,22.975,477,34.83504197,22.06477772,-3.475750796,44.16251985603755,50.35123861274828,-0.2371737203104033,0.0,-37.50000000000006,0
1649,351817,9960261,28.669999999999998,213,24.03288689,28.54604073,37.57234841,29.252451047435876,26.606568280734177,-0.5072252001695912,-100.0,-100.0,0
1957,1465400,42235021,29.115000000000002,357,20.6973459,18.35973582,13.68451566,40.01890510309028,37.63282576858785,-0.2560296488147307,-49.99999999999956,-83.33333333333314,0
1748,572793,16662481,29.055,329,36.77856292,36.46036906,35.82398134,55.78420288555675,57.36729336070812,0.2322597072962577,0.0,-47.61904761904759,0
806,1216690,43104526,34.78,493,66.22901346,66.75315266,67.80143107,63.56304778076583,65.68010176365165,0.1125744760205742,-33.33333333333333,-25.0,1
1350,583316,21336943,36.295,352,71.7542361,60.17180531,37.00694374,48.81884858968215,56.82905448622474,-0.1752390571593995,0.0,0.0,1
1488,1196468,36474340,30.544999999999998,666,49.71776319,51.10259737,53.87226572,57.03020976150117,59.05854646187053,0.2565868671452881,0.0,-35.00000000000014,0
1443,976614,29149670,30.7,540,19.65921366,22.90070141,29.3836769,22.12503075994229,22.34401106156732,-0.5042878635923795,-88.88888888888872,-97.1428571428571,0
142,158084,6898266,42.88,78,59.53687165,58.56042964,56.60754563,53.82020394943687,59.512840769404,-0.2838856008309283,-36.66666666666696,-25.00000000000016,1
1951,1879599,54955750,30.045000000000005,758,14.7902095,17.09936805,21.71768515,43.81100819552682,42.5248299037205,0.0084374137542268,-35.00000000000014,-75.00000000000003,0
1375,804200,27528350,35.86,444,16.90816174,30.78698523,58.54463221,17.994718981765512,13.490757012521987,-0.2161002316141534,-94.11764705882358,-94.7368421052632,0
979,505555,17762404,34.985,220,33.84118384,31.23981044,26.03706364,53.38272131652022,58.71005586041913,-0.0494741471923172,0.0,-25.0,0
1921,484148,14179081,29.810000000000002,341,24.37457005,25.93961655,29.06970956,37.67487615357334,33.74946522701127,-0.0577743144873537,-95.6521739130434,-95.6521739130434,0
1251,340218,12257655,35.730000000000004,257,69.19818964,62.02043915,47.66493816,51.072411283266185,54.04367315186924,-0.2017197777832102,-87.49999999999889,-31.81818181818147,1
2129,3880784,130238327,34.08,1543,63.75704236,77.42271632,104.7540642,52.08888986293879,42.84389336694164,0.9727473874186922,-100.0,-74.24242424242418,1
1156,460770,17157574,37.17,352,44.96131883,33.07506773,9.302565525,38.52475251081432,45.16572363190111,-0.6754957097614311,-28.571428571428136,-44.44444444444436,0
23,1267850,50798406,39.045,510,62.71158438,59.10029194,51.87770707,45.43456224247954,54.965950400591154,-0.011788045546906,-53.12500000000004,-50.0000000000001,1
1118,1305639,53796822,41.46,600,23.78085666,34.2114098,55.07251608,51.83868173327518,49.66049436309276,0.2975912302380717,-75.0,-75.0,0
730,481760,16760659,35.1,232,66.28426375,57.09388204,38.71311861,39.45178832621641,41.6730901633447,-0.5395680253433403,-78.57142857142784,-45.83333333333299,1
2065,695052,20490339,29.48,437,53.0121822,50.08030963,44.21656449,45.67892669833777,42.20085021297105,-0.0150306352468279,-100.0,-60.00000000000085,1
1916,1000836,29972780,30.23,421,14.71939133,19.48831099,29.02615033,40.32326889056919,28.83723125347236,0.0805328639945298,-100.0,-100.0,0
474,333129,12767813,38.77,173,19.17810639,29.46432019,50.0367478,20.938195105615502,15.213779159145991,-0.3702020994578975,-100.0,-100.0,0
1633,1255623,39430862,30.955000000000002,562,70.45631763,54.70959986,23.21616432,67.86110238726634,78.40840713690915,0.0787872067810829,0.0,0.0,1
1208,987345,36831382,37.505,660,36.74425443,51.13175554,79.90675777,43.79405868143368,36.24964165709142,-0.0366581633705781,-100.0,-100.0,0
2354,2985939,75069170,24.8,1024,85.81817405,80.15112388,68.81702353,64.64827867726517,71.13752256412084,0.2495639887079228,0.0,0.0,1
1234,1041314,37064304,35.9,577,25.25491981,21.4977536,13.9834212,36.473612399296655,37.73970491564491,-0.3684448970243582,-61.538461538461455,-80.76923076923073,0
1294,3989717,148017076,36.515,1739,86.29148012,86.24199199,86.14301573,78.25608132909656,86.03508114068748,0.1739278706550584,0.0,0.0,1
619,641066,24989362,39.260000000000005,251,12.66165549,16.21604758,23.32483177,34.82357491052574,29.62760195775673,-0.2164599445573319,-100.0,-100.0,0
1099,692320,28355851,40.95,455,41.5345341,47.84084642,60.45347105,58.83415597784673,58.22801201439904,0.4576470309120509,-22.2222222222224,-47.36842105263174,0
148,290000,12394600,43.440000000000005,90,22.25660441,36.20702305,64.10786033,38.7686622990912,30.58891617274138,-0.1570378928728638,-100.0,-100.0,0
2212,606150,18130341,29.670000000000005,339,62.6249193,42.44654489,2.089796079,49.08531969198346,60.355422737841856,-0.253528279011627,0.0,0.0,1
991,392227,13768045,35.045,184,76.83808579,66.63646238,46.23321556,56.3185066745429,61.75103502981864,-0.0085827048016734,0.0,0.0,1
985,259251,9095266,34.965,168,62.86493988,47.96453609,18.16372852,56.0177158274912,63.99101118102018,-0.0341982218735599,0.0,0.0,1
1846,341856,9941543,29.135,197,59.59846038,57.3393382,52.82109385,60.887176607031314,62.67046696117323,0.2391062752191886,-14.285714285714432,-8.333333333333432,1
974,270471,9490728,35.019999999999996,167,39.43947299,47.89541578,64.80730136,49.17482760562875,48.72872291784925,-0.0626450216381509,-57.14285714285773,-55.5555555555552,1
412,399252,17431888,43.04,186,69.77001557,49.78577668,9.817298913,67.45053533498997,74.36246564249045,0.3364483733451821,0.0,0.0,1
2452,1389100,30800474,21.869999999999997,805,89.53956685,80.83940366,63.43907728,69.94793292866413,84.42140382723971,-0.0360956006803125,0.0,0.0,1
1611,423759,12462088,29.97,274,20.62058603,18.4252743,14.03465084,26.60655807438397,27.41455898075176,-0.4728502256081693,-75.00000000000011,-80.00000000000007,0
322,522405,23474950,43.805,240,79.59636689,77.64367131,73.73828014,76.81074186283516,82.62692392814192,1.047856230640579,-3.2258064516127254,-1.9607843137253809,1
1360,663324,24487319,36.9,320,73.18982921,77.54620023,86.25894229,57.7724185845713,61.3318805019823,0.0122679832230378,-66.66666666666352,-18.18181818181724,1
687,3475318,133457838,36.31,1465,80.01082866,68.60672389,45.79851434,68.8865126310455,84.06039171904845,-0.6371113867935475,0.0,0.0,1
2274,1644009,44655892,27.385,866,17.15126803,22.20199269,32.30344202,34.09261116911298,30.901672631844164,-0.3566448898571372,-100.0,-100.0,0
2052,1040768,30634916,29.744999999999997,537,37.70571239,44.84575193,59.12583101,49.90218852183101,49.17693207809676,0.1131663325202743,-52.63157894736846,-52.63157894736846,0
535,383018,15697588,41.225,171,21.38161802,23.91005833,28.96693897,50.960921686619166,40.22466643819339,0.4414656826775496,-100.0,-100.0,0
245,162550,5650570,35.66,81,20.19182873,18.7655609,15.91302524,34.30850983490855,33.0545903654353,-0.545637429507975,-45.45454545454511,-86.04651162790677,0
164,1122041,48127416,43.114999999999995,108,29.46445939,35.21265372,46.70904239,44.84736166792042,41.49331612673927,-0.0786911980541268,-77.7777777777776,-87.49999999999989,0
1801,415503,11463477,27.939999999999998,235,38.39578313,41.887083,48.86968272,45.40802114787078,46.31821301540116,-0.1138227431053623,-39.99999999999986,-62.49999999999994,0
550,1593338,66715726,41.63,261,74.41501121,66.75926394,51.44776941,62.04579435136971,63.53578683427412,0.2710990617921768,-83.33333333333215,-23.809523809523714,1
1046,1191220,44153940,37.245,568,43.99699733,47.5528982,54.66469995,46.56324403837264,43.80650079300158,0.0628321518717925,-57.142857142856855,-72.72727272727283,0
80,419100,17413210,41.815000000000005,279,34.31251831,36.65418214,41.33750981,45.67934513842268,43.531363759570525,0.0260764267456083,-64.70588235294157,-68.42105263157934,0
977,316312,11038954,35.010000000000005,178,23.20148717,31.29250361,47.47453649,47.18956126077614,46.03361601424803,-0.0558138331797702,-50.0,-77.7777777777776,0
1688,732703,19966484,27.575,343,13.37736588,13.81486004,14.68984837,25.41545668423853,23.237253663286907,-0.41536144537356,-74.99999999999956,-93.33333333333324,0
1072,1692404,67359952,39.230000000000004,1080,79.29779259,73.81813534,62.85882083,71.61777112582925,74.99012474815403,0.466440570846527,0.0,0.0,1
289,568950,22447841,38.555,256,72.96058937,65.01403623,49.12092994,65.1149212320283,70.55005816629493,0.3880942900931162,-24.9999999999997,-8.823529411764607,1
1599,183546,5574262,31.05,97,33.11367054,44.78141954,68.11691754,29.37313779665836,25.346398442186803,-0.3874536535482508,-95.23809523809518,-95.65217391304344,0
1676,446382,12633970,28.675,245,10.75766172,16.94566335,29.32166661,30.677567566812154,16.577957251196054,-0.1707555135203503,-100.0,-100.0,0
1503,634957,19496429,30.544999999999998,452,39.27283393,34.03282214,23.55279856,52.46823239461727,54.90458418266388,0.1304316032463844,0.0,-47.05882352941194,0
2114,1526504,48545391,31.185000000000002,600,74.07777238,76.03233364,79.94145617,75.69834620006137,78.93584401050097,0.3714006065589248,0.0,0.0,1
1433,438198,13893025,31.880000000000003,299,40.758527,37.21885984,30.13952552,32.032225052995145,33.31494342051764,-0.2954357833276239,-33.33333333333373,-66.66666666666666,0
2437,1003250,21272364,21.6,515,31.84579816,35.97701615,44.23945211,33.812680571254674,25.90106334093688,-0.1724933299090414,-100.0,-100.0,0
1883,563494,16873267,29.365000000000002,293,86.98098658,87.11664312,87.3879562,69.72047359722944,76.284785950801,0.0955831826463369,-9.090909090909207,-4.000000000000057,1
1545,819071,27261756,33.435,352,37.77556292,42.27048212,51.26032052,58.84992002297952,50.311874083107696,0.6045646243820713,-85.71428571428659,-82.35294117647078,0
1840,277862,8100672,29.044999999999998,162,43.28160487,40.10322865,33.74647622,62.06201445592328,63.25136493803017,0.2656157824249949,0.0,-41.17647058823539,0
1869,232898,6676591,28.625,138,53.94280093,44.31269541,25.05248436,39.807569623693645,35.925159806126885,-0.0712993050443004,-100.0,-44.44444444444436,1
1018,1182940,44654368,36.945,644,77.68612044,67.39364966,46.8087081,81.42132916902936,88.51612757232091,0.4129466564912443,0.0,0.0,1
356,318500,13243724,42.595,173,32.71162861,46.462855,73.9653078,37.579947117288896,31.578864566259075,-0.163904918651874,-100.0,-100.0,0
1952,1890768,55156709,29.825,773,15.41569522,16.53814377,18.78304087,41.58879476223287,38.63984279095002,-0.0403882399390122,-60.00000000000014,-80.95238095238099,0
1540,2245740,74698952,33.4,336,44.70957432,60.44726513,91.92264676,62.33570994125132,54.54698109782076,0.657791224822145,-88.23529411764692,-78.9473684210524,0
1109,740596,30689818,41.315,373,70.13972848,64.88489942,54.37524132,60.43155010109494,61.44048109247248,0.3941442637597287,0.0,0.0,1
833,2552120,97007671,36.555,1051,88.2044464,84.1354873,75.99756911,81.78352243645567,87.18311374830296,0.3940203149961971,-2.8571428571426947,-2.127659574467963,1
1108,604944,25098486,41.265,222,65.20959271,62.2574849,56.35326926,57.11270124091264,54.12133974786737,0.4005844581720636,-66.66666666666825,-40.00000000000057,1
1908,960510,29523076,30.610000000000003,428,71.403287,73.60432265,78.00639395,55.30438839491203,53.32867366498386,0.2553619584768251,-50.0,-26.31578947368423,1
249,104562,3808781,35.37,86,65.29920083,42.70816152,-2.473917097,58.69439784009703,71.67199602837624,-0.5663225726082287,0.0,0.0,1
1080,1105774,44538010,40.075,469,63.83087814,67.84427401,75.87106574,63.07213918035388,59.14600871240564,0.6089503192439804,-66.66666666666588,-46.666666666666856,1
190,154605,5994934,39.43,91,27.74026043,31.50094241,39.02230636,38.48367195042268,36.07043629546007,-0.6297206782110613,-78.57142857142875,-84.21052631578961,0
2304,904523,21677052,23.36,412,87.2731866,88.55662222,91.12349346,61.08719844374932,73.76236174159652,-0.5471673487276549,-16.666666666666863,-5.405405405405478,1
2357,2264000,53274698,24.675,884,45.76952472,64.70040632,102.5621695,40.36124406326384,29.31174590624993,0.2441792230744318,-96.77419354838706,-96.77419354838706,0
2272,911054,24833428,27.475,431,20.07531547,26.0132958,37.88925644,38.62303163991484,40.752234037403205,-0.3708870180327235,-42.85714285714271,-73.33333333333343,0
1759,729572,21225475,29.330000000000002,457,35.03636449,40.81957512,52.38599636,52.52115680930265,49.53033639832811,0.1901635614102793,0.0,-73.33333333333343,0
2133,2227331,71830199,33.925,882,14.00491842,33.8098301,73.41965345,41.84515750936764,29.812271025599824,0.7851362897937786,-100.0,-100.0,0
313,333160,14364100,42.8,172,53.37372591,61.56157856,77.93728386,60.19371666704744,53.13029449051759,1.025928834403666,-62.50000000000022,-83.33333333333347,0
799,329925,11337577,34.325,173,35.70151708,41.68633231,53.65596277,46.85261528859696,43.7852770737934,0.0337675301195859,0.0,-66.66666666666825,0
1481,728317,22385859,30.589999999999996,433,72.43750665,62.78457874,43.4787229,60.5525172805,61.33325981954892,0.2838198584950455,-19.99999999999993,-19.99999999999993,1
2044,685620,20307361,29.755000000000003,396,43.57656261,49.16588298,60.34452371,53.28992170943469,48.76016100582033,0.1590044752060295,-66.66666666666707,-66.66666666666707,0
558,1568760,63811065,41.625,610,25.43876587,39.63591427,68.03021106,31.09522033789004,19.947603472446247,0.1851125484040872,-100.0,-100.0,0
1715,719092,19672759,27.425,477,46.30304548,49.63448742,56.29737131,50.09216396911347,47.772083826746574,-0.0474502355422893,-100.0,-55.55555555555565,1
2091,689358,20484429,29.544999999999998,322,65.00152755,58.9471114,46.83827909,57.92917244588417,66.90234751956513,-0.0166985098556733,0.0,0.0,1
2105,1285037,39766936,30.064999999999998,601,79.64564592,73.2055569,60.32537886,79.48561689759518,90.0807830216736,0.1185110394563027,0.0,0.0,1
965,362412,12650483,34.83,170,59.70322806,57.91692032,54.34430484,44.83957129529458,44.322523823297146,-0.1744618392011749,-61.11111111111168,-55.000000000000426,1
2285,3779818,74701023,23.669999999999998,1560,6.402398119,11.15397939,20.65714192,11.037141909003648,10.165095008547103,-1.1012034731224367,-91.01123595505614,-94.36619718309856,0
745,665605,22177266,32.97,384,48.07401108,34.98182488,8.797452485,39.57466924152801,43.43042797327375,-0.7538203816607684,-49.99999999999911,-19.047619047618696,0
866,485314,17833352,36.665000000000006,296,80.47281417,81.86726725,84.65617341,58.89313103580906,64.94887854398205,0.0817961661870271,-50.00000000000355,-10.000000000000853,1
276,341256,13002574,38.185,204,64.5661338,74.54592041,94.50549362,53.59694226545342,47.792887771938695,0.4539588068809743,-100.0,-54.05405405405401,1
1329,797504,29770550,37.295,371,64.89077206,70.21841117,80.87368939,59.31335970026996,60.61641926986333,0.1405296480821266,-50.0,-27.777777777777825,1
502,144020,5718583,39.459999999999994,104,72.96948633,79.21072695,91.69320819,60.97643887033735,58.405020802687325,0.1490980859861748,-70.00000000000028,-36.84210526315821,1
1644,610250,17445150,28.880000000000003,299,13.85173616,14.65414427,16.25896051,24.388793106376625,17.023700984239078,-0.437688049088148,-100.0,-100.0,0
2158,877284,28217613,31.839999999999996,448,66.48028165,69.75619304,76.30801582,54.794224433895685,55.532154460079774,-0.0365456976154686,-100.0,-28.57142857142857,1
1538,795400,26581816,33.35,437,65.25171463,76.70060576,99.59838802,64.23655729033877,56.355601173536094,0.6481608378349312,-100.0,-53.84615384615419,1
981,325801,11329001,34.955,187,26.42683506,28.57827363,32.88115076,46.05227245863776,43.73035199171761,-0.0487261812258945,-83.33333333333215,-87.49999999999912,0
147,139067,6008791,43.45,61,33.38490662,43.18223237,62.77688388,45.46422782937881,42.40945611820949,-0.1573750398875469,-100.0,-73.33333333333343,0
1200,812508,30499321,37.39,398,74.23374223,58.77522438,27.85818867,52.18432289291937,54.799346327705535,-0.044426751443554,-20.000000000000284,-14.285714285714432,1
2087,793508,23501786,29.49,322,59.27128218,61.18916075,65.02491789,45.03743773391563,41.70220370523951,-0.0156906683870849,-100.0,-71.42857142857186,1
951,667214,23396498,35.11,338,26.43956082,27.09643153,28.41017295,37.078173515617095,30.52707091375844,-0.1043265200495012,-100.0,-100.0,0
842,936621,33798741,37.15,461,38.32025988,48.88948912,70.0279476,45.13708739133757,32.18376727479807,0.4992326450994572,-90.9090909090914,-94.2857142857146,0
1088,968215,38987565,39.995,436,54.80257097,48.71770154,36.54796267,60.8079438590958,61.389901982783016,0.455258593222334,0.0,-16.66666666666588,1
1881,480804,14207415,29.145,317,86.59391932,86.96953858,87.72077709,61.32987959205477,64.90123869462758,0.0344228177849066,-60.00000000000085,-17.647058823529633,1
1366,503076,18520845,36.870000000000005,242,32.97257368,39.35896231,52.13173958,48.05903193122988,41.22575796728852,0.0390834564429927,-66.66666666666825,-85.71428571428629,0
1296,1257763,46904059,36.795,762,89.74065783,88.43465722,85.82265599,73.81230050908331,76.3702345888152,0.2508197145771927,-29.99999999999972,-10.714285714285625,1
706,470168,17421845,37.575,231,13.1735803,13.87413325,15.27523914,38.83904363239501,23.029788709799977,0.0572826166816195,-100.0,-100.0,0
389,151821,6271761,41.129999999999995,61,51.82739978,53.25557999,56.1119404,53.38009963248528,60.26686728314717,-0.2372669428661721,-18.18181818181853,-16.666666666666863,1
750,1425100,47961787,33.175,634,69.9717484,53.27848621,19.89196183,51.87094204486361,65.77775350862287,-0.6745393135987575,0.0,0.0,1
1128,1512540,58629331,41.2,822,41.32354518,53.29084887,77.22545627,29.223329490563582,20.70799367186429,0.1372251037007789,-100.0,-100.0,0
858,348275,12686405,36.275,207,60.17714076,55.76998862,46.95568433,48.84031504594399,48.83942289342819,0.0346251725322946,-87.49999999999912,-43.74999999999994,1
748,1262146,42001436,33.0,740,42.43643389,39.91897137,34.88404634,40.071288253034,44.44828049836016,-0.7331477701028868,-58.33333333333344,-46.666666666666856,0
982,207328,7236880,34.935,160,34.28455671,30.48036799,22.87199055,50.90813597777901,53.6407888275683,-0.0472575234467978,-33.33333333333333,-33.33333333333333,0
826,2755302,99791623,35.2,1009,75.66631554,63.01443122,37.71066259,76.63373686063206,88.91781518238243,0.1218575752382934,0.0,0.0,1
578,769700,31447179,40.53,324,71.48429543,58.78180229,33.37681602,54.71963992901687,64.40954812605948,-0.192617912913461,0.0,0.0,1
1421,417480,13566940,32.559999999999995,276,73.6175801,71.53441053,67.36807139,46.48926942717116,52.51585835386376,-0.3133813596562565,-59.99999999999943,-33.33333333333281,1
1000,516228,18252753,35.525000000000006,213,42.00494834,52.00146032,71.9944843,55.65312681645006,55.34312331679848,0.1231307686038504,-33.33333333333373,-50.0000000000004,1
2411,962700,21527356,22.425,524,25.7102527,23.0629499,17.7683443,43.90007609054625,43.16354353153413,-0.0616317714458438,-14.285714285714432,-72.72727272727269,0
1226,555000,20255249,36.64,444,23.65184183,25.02356162,27.7670012,37.16470782966768,35.638232107407255,-0.2135178123413529,-100.0,-100.0,0
1739,1217969,36112830,28.865000000000002,456,66.91849147,50.92858657,18.94877676,68.7572815648537,76.32552683025303,0.3137324963978946,0.0,0.0,1
1415,269273,8735662,32.410000000000004,180,61.12637012,47.17627647,19.27608917,43.25900843169315,52.25134916047281,-0.4633680033216453,-12.50000000000111,-12.50000000000111,1
2038,692722,20627763,29.709999999999997,317,55.28609081,56.56699095,59.12879125,61.59744727131694,62.3855311685937,0.1503948503493739,-20.000000000000284,-55.55555555555565,0
1622,369158,11624674,30.860000000000003,294,91.55927485,88.22217903,81.54798738,72.4004999114236,86.7147491862637,-0.0934534640115749,0.0,0.0,1
210,373701,14270056,37.66,179,73.34081783,58.51084492,28.8508991,51.5176007758982,63.12514136000734,-0.6545413226248993,0.0,0.0,1
2342,3322611,77547815,23.815,1102,56.68051412,63.68569385,77.69605331,46.403327321756926,41.80859653047154,-0.0010111007579872,-100.0,-64.28571428571425,0
705,1337170,49519876,37.644999999999996,557,12.35296305,14.22440972,17.96730308,41.76389961869859,27.60710965745972,0.0779777238653518,-100.0,-100.0,0
325,479369,21701367,44.5,229,79.25758879,78.03472597,75.58900033,77.67988008375205,82.86967385796605,1.100814808879269,0.0,0.0,1
2379,1555592,34433713,21.625,808,51.95580002,35.04115903,1.21187703,49.93750297567932,62.62157486507477,-0.5693263646415133,0.0,0.0,1
1713,547059,15178527,27.334999999999997,360,55.53320368,51.68248794,43.98105646,55.68094905585141,58.86179673727481,-0.0932545538727547,-33.33333333333324,-29.629629629629573,1
151,146000,6254900,43.160000000000004,65,31.67872454,26.91851588,17.39809857,54.16284046172336,60.29234407334003,-0.1754932491798942,0.0,-25.80645161290318,0
978,323153,11311359,35.0,159,27.232364,29.93912374,35.35264323,50.33170020494629,52.64237932782642,-0.053859422059815,0.0,-55.5555555555552,0
1968,353670,10059027,28.459999999999997,206,73.59705008,68.69632396,58.89487172,39.59789710278327,36.33224816296176,-0.3963682232032043,-100.0,-55.55555555555542,1
2017,1001290,28714134,29.015000000000004,445,20.89707762,24.43380824,31.50726949,40.25597477885992,35.283684323517924,-0.0175071910077038,-74.99999999999977,-88.23529411764692,0
318,265340,11530087,42.915,146,78.94925445,69.58237418,50.84861365,67.28024291271774,66.86962661452235,0.99110952332923,-11.111111111111288,-7.1428571428572525,1
1849,321083,9369616,29.190000000000005,141,58.15263023,59.33959464,61.71352345,54.985309661752346,50.52369777674084,0.2174031010971422,-50.00000000000059,-57.14285714285773,0
1106,443203,18320429,41.120000000000005,271,61.72158361,57.26495195,48.35168863,59.55055238325676,59.53912065307354,0.4124875702447267,-22.2222222222224,-17.647058823529214,1
1092,1249197,50933274,40.39,683,62.22811727,64.49295573,69.02263263,55.905832937123634,50.52703606758362,0.4777618211452147,-76.00000000000023,-55.88235294117655,1
637,273800,10583730,38.339999999999996,138,85.8335735,80.36922724,69.44053471,55.88184472460427,63.91311947026424,-0.2904380199529026,-39.999999999997726,-7.999999999999545,1
198,160460,6138809,38.6,87,36.83155174,37.08092559,37.5796733,38.04532516596952,35.527975533510705,-0.6907367936747658,-84.61538461538545,-88.88888888888951,0
1476,607651,18317481,30.564999999999998,322,52.29587382,67.4351243,97.71362525,55.5897424907137,51.27379542857996,0.149574628447293,-100.0,-86.36363636363646,1
1693,1118290,29894193,27.119999999999997,592,12.82308549,16.20041099,22.95506198,28.2097697838106,26.48204715199885,-0.4657363325215553,-100.0,-100.0,0
1180,551786,20826668,37.6,390,80.44805205,82.60270956,86.91202458,53.29152852302177,54.53647814478696,-0.1192623421187509,-83.33333333333215,-34.782608695652094,1
44,772020,31286560,39.975,244,83.78644048,79.85131803,71.98107312,59.52709531663374,67.47169447274898,0.2471043345277609,-50.0,-11.42857142857159,1
1758,350741,10234478,29.345,251,40.05454674,43.71118043,51.0244478,52.52115680930265,49.53033639832811,0.1996028469847591,-50.0,-73.33333333333343,0
736,4742372,158767458,34.955,1214,38.49383825,56.59503223,92.79742021,30.07371055240912,24.52313679290899,-0.4676311094315034,-100.0,-100.0,0
699,445937,16840567,37.935,279,31.72731493,45.52713238,73.12676728,50.301016412912446,43.75805942119808,0.0983024116673916,-100.0,-100.0,0
2448,897569,19533534,21.465,413,73.89812418,61.29679872,36.09414779,57.12392947311227,67.11848331847298,-0.147604436323174,-49.99999999999911,-12.499999999999778,1
1097,1091773,44491559,40.86,688,49.40508268,56.4512144,70.54347783,53.80898722315857,47.61178630915193,0.4822528953197883,-92.85714285714322,-64.00000000000034,0
1863,346571,9830354,28.994999999999997,192,19.20388289,26.1668582,40.09280883,36.21486934128834,29.956503609778995,0.0529620379475069,-75.00000000000014,-89.6551724137932,0
1970,378000,10795200,28.57,204,64.00064971,66.2543549,70.76176528,45.29387483365833,49.89887796650378,-0.3703205524255183,-50.0,-50.0,1
2280,4984181,119375726,26.505000000000003,1592,26.28236593,24.68852154,21.50083277,17.12743664415572,11.944176135983078,-0.4665413312311139,-100.0,-100.0,0
1747,205532,5930216,29.104999999999997,150,29.08088786,36.30127213,50.74204067,51.30564995067736,47.647913778908354,0.2489872709457407,-12.500000000000222,-66.6666666666669,0
1592,275000,8638300,31.090000000000003,175,63.54149802,41.47023046,-2.672304665,44.44812144472828,57.94607234393324,-0.4301422527454701,0.0,0.0,1
1565,441896,14603868,33.084999999999994,256,72.38161585,73.15606941,74.70497653,51.05964956079279,49.27397319986746,0.1128215757021762,-100.0,-35.71428571428575,1
2003,438108,12855673,29.130000000000003,288,76.05488682,64.63495687,41.79509697,56.3078332078073,59.4026197175314,0.0028268748108498,-28.5714285714285,-28.5714285714285,1
1264,686629,24631128,36.175,412,26.46641955,38.68249226,63.11463769,44.82999955119303,37.55239412361773,0.0236759874826918,-100.0,-100.0,0
288,597364,23563464,38.385000000000005,289,73.07724769,61.04075966,36.96778358,68.30042875293016,78.57104766748903,0.3643029000285447,0.0,0.0,1
2037,926200,27634955,29.705000000000002,431,53.76246954,57.20744103,64.097384,64.19339762016165,68.26813696267016,0.1444196013806627,0.0,-44.44444444444436,1
1107,529204,21920170,41.205,292,67.81438907,60.78143099,46.71551482,61.82708020592839,64.2907501572708,0.4079346074448808,0.0,0.0,1
685,591650,21833665,35.93,298,74.87280517,55.92422822,18.02707432,53.19120529784867,69.7524955198423,-0.7593836717980879,0.0,0.0,1
1608,159000,4772200,30.244999999999997,124,21.81670006,18.51674884,11.91684641,30.256837597270685,33.903249842503136,-0.4472144112084674,-42.85714285714228,-66.66666666666627,0
202,587518,21844773,38.165000000000006,319,29.18219261,30.06316715,31.82511622,35.63176389074355,34.4603488454224,-0.7320225089421246,-63.63636363636358,-76.47058823529414,0
1587,271860,8418643,31.490000000000002,153,17.59337079,17.71438756,17.95642109,30.239991027489125,31.046032115136885,-0.3604333497878814,0.0,-82.35294117647054,0
930,494725,17547161,35.65,226,45.72407653,60.77174647,90.86708635,52.664094882386905,51.82191807869104,-0.0966627093338118,-100.0,-83.33333333333314,1
660,288310,11329398,39.19,146,67.16347542,65.39524197,61.85877508,59.383026853566776,60.23860739953916,0.1495743166344429,-20.000000000001705,-14.285714285715445,1
488,218200,8364270,38.115,131,48.82938068,37.61106377,15.17442994,48.46037330409863,62.51203576673577,-0.3680903590270426,0.0,-12.499999999999334,1
1811,165262,4611303,27.785000000000004,120,51.38272064,50.93169933,50.0296567,51.759514829544784,57.38485898854603,-0.0956750161939946,0.0,0.0,1
219,181518,6740122,37.925,138,33.47656292,43.43429935,63.34977221,39.62188588614492,34.331823395867374,-0.3721490274989144,-100.0,-100.0,0
1720,751388,21273421,27.76,408,68.84652131,55.99017914,30.27749478,65.39012874203902,76.65842114069096,0.0463242045366633,0.0,0.0,1
2264,1210372,33631897,27.53,507,46.90401577,32.9488124,5.038405655,46.509071896115714,58.31486047950244,-0.4577428556957227,0.0,-30.434782608695503,0
1864,246541,7060417,28.915000000000003,177,20.88339667,24.40570436,31.45031973,37.92248684609828,33.385340807995384,0.0207382930027574,-55.55555555555565,-86.20689655172417,0
633,342190,13193506,37.8,216,76.97684743,60.76465059,28.34025689,54.16552346571194,64.20492950053101,-0.4710004748905866,-20.0,-14.705882352941211,1
174,573050,23828392,39.99,274,71.08991461,55.03796437,22.93406389,53.36925437033133,63.04733958019316,-0.8475941440011492,-2.666666666666515,-21.62162162162156,1
1009,604197,22123344,36.035000000000004,258,73.49508559,66.82681907,53.49028602,68.94523765969622,74.66221388207067,0.2436232165389444,-33.33333333333649,-4.000000000000341,1
113,107100,4771060,44.675,56,31.75471923,41.62809106,61.37483472,56.49296788786883,48.638123225952775,0.5311974055565757,-87.50000000000067,-90.00000000000057,0
1569,496615,16227785,33.05,320,33.88965896,45.41242426,68.45795486,46.74852562716755,44.71244431259622,0.0579962162862064,-50.00000000000059,-72.72727272727302,0
1699,1557948,42389954,26.68,744,60.12248378,36.89515881,-9.55949113,56.81873866915011,66.35801554772488,-0.5336435958418678,0.0,0.0,1
393,617365,25845062,41.39,233,75.12180373,65.36376373,45.84768372,63.56550134319641,76.51574064310633,-0.1216112518672884,0.0,0.0,1
882,828911,30569724,36.815,344,62.0571054,60.25703376,56.65689048,56.76700372192916,59.21779674551426,0.0848197198775571,0.0,-14.285714285713416,1
1967,306410,8768613,28.46,181,80.03843226,66.2459609,38.66101817,45.25551070882908,50.60678552359912,-0.4088559902184389,-42.857142857143295,-16.666666666666863,1
2054,695201,20632152,29.72,418,44.80042244,43.97828777,42.33401844,51.24511153699255,51.537361800437175,0.08796489723294,0.0,-47.36842105263154,0
1778,633555,17272145,28.145,296,19.13432979,27.88761287,45.39417903,23.711917864436767,18.98517404451025,-0.2204600031399382,-87.49999999999983,-94.73684210526308,0
609,438200,17332770,39.654999999999994,168,41.11335323,48.30552327,62.68986337,44.48183851546004,45.138670473997415,-0.2125470498153669,-90.9090909090902,-83.33333333333314,0
1054,766700,28553155,37.315,404,54.20958904,57.2340721,63.28303821,46.94996945052694,41.27829127480681,0.0502761135893368,-100.0,-74.99999999999956,0
2164,1618774,50329844,31.740000000000002,545,14.11979803,25.36925299,47.8681629,41.24506626525575,33.223253121994404,-0.0259679916602596,-77.77777777777821,-92.85714285714302,0
1786,272240,7537467,27.615,144,68.24445675,59.64530205,42.44699265,35.635615036314846,35.77711456667911,-0.3366146869349715,-100.0,-38.46153846153834,1
272,317413,12133508,37.725,165,78.69235106,80.36602022,83.71335853,58.404325053827534,56.99361024708647,0.3385742438625821,-60.00000000000038,-34.61538461538472,1
1117,658265,27056388,41.455,328,23.60231948,39.42668637,71.07542015,47.67897086951601,41.12182494746194,0.3198947711515898,-100.0,-100.0,0
1998,309945,8960305,28.925,159,36.70533066,30.55467396,18.25336056,45.596131795800176,43.683587187966,-0.0253064111009583,-66.66666666666825,-66.66666666666686,0
280,188210,7069382,38.11,118,21.56229056,37.43427646,69.17824825,49.68946673778652,43.91844285931336,0.3857610037439787,-70.00000000000028,-90.00000000000009,0
2113,2605515,82652192,31.1,1166,75.11665857,77.00961427,80.79552568,75.69834620006137,78.93584401050099,0.3488317186983008,0.0,0.0,1
1935,2733392,82978342,30.014999999999997,1231,73.92199665,69.97408356,62.07825739,63.39821243948644,68.91797309740384,-0.0411478637843705,0.0,0.0,1
2434,597519,12968345,21.725,329,44.82774694,32.36391332,7.436246087,46.04072041096923,48.513099032917786,-0.1681761514754353,-44.44444444444436,-50.0,0
150,176000,7511150,43.2,62,12.66960196,24.53841155,48.27603074,36.30389582661636,27.657646041910017,-0.1759783659631577,-100.0,-100.0,0
409,376200,16006600,42.995,159,26.72380254,30.05319376,36.71197621,51.6544610155957,45.05502538449249,0.3837795971013301,-61.538461538461874,-66.66666666666666,0
1162,708500,26976775,37.75,547,74.02752046,70.30609012,62.86322943,52.13209723255934,56.26371294678548,-0.3751081557513666,-100.0,-23.333333333333428,1
279,334960,12613111,38.144999999999996,175,25.3989914,45.37026941,85.31282541,47.78800524745712,39.48295213523053,0.4129317361003831,-100.0,-100.0,0
2443,795141,16979312,21.285,384,23.20805341,20.91371684,16.3250437,40.16407238695584,44.346410085245225,-0.2344611043787594,0.0,-71.4285714285715,0
398,188400,8234450,42.635,93,89.96491143,83.85149965,71.62467611,79.66710052188066,91.53727875146038,0.2602979194253874,0.0,0.0,1
145,122600,5307970,43.295,71,44.7314245,52.08266291,66.78513974,46.93813309856592,45.32887861610095,-0.1880154937343437,-100.0,-54.05405405405401,1
2440,792051,16668400,21.44,416,16.80311608,23.72720232,37.57537478,33.090200296421415,26.413653109387248,-0.2095897511712658,-88.88888888888872,-94.44444444444436,0
271,454050,17391609,37.69500000000001,268,84.70519325,81.20285479,74.19817787,64.14286101821206,67.8698420174721,0.3091723848272487,-3.8461538461541616,-3.8461538461541616,1
1272,727386,25610563,35.61,542,14.10245125,19.84550341,31.33160774,31.9769928177218,22.262923859790813,-0.0993364168350372,-100.0,-100.0,0
1125,1646015,69275830,41.495000000000005,900,70.41934592,54.27853887,21.99692476,60.51757114526588,64.9083200737621,0.2225424715081037,-16.666666666666536,-14.285714285714189,1
1439,1484106,44390780,31.305,805,21.15626266,31.24647231,51.42689163,9.539757258723442,4.119974863056665,-0.3719124820292345,-100.0,-100.0,0
1370,899808,33357907,36.875,440,73.90928504,59.91179348,31.91681037,61.10400791289261,69.15275626968823,0.0483019967622638,0.0,0.0,1
2082,698941,20547456,29.615000000000002,303,45.48350555,47.85575713,52.60026029,46.01199651980454,43.56771987196712,0.0129866463702989,-40.00000000000057,-80.0000000000002,0
2137,1962430,60817380,32.385,1055,6.508797504,13.5667498,27.68265439,33.09086390015956,21.30278521559252,0.3594700848673195,-100.0,-100.0,0
2168,3408167,103231574,31.020000000000003,1239,4.415112167,9.814015849,20.61182321,27.88176010125879,14.3503798650339,-0.1533369193208558,-100.0,-100.0,0
450,243320,9771412,40.214999999999996,112,55.19296846,58.41891316,64.87080258,44.74560206370752,45.29483625659663,-0.2772846447053819,-100.0,-63.63636363636422,1
1620,444715,13969376,30.514999999999997,255,91.90580432,84.23791361,68.90213219,69.53596646911548,83.95499691614663,-0.2081706187713345,0.0,0.0,1
117,227100,9994735,44.43,104,23.46609974,28.23524563,37.7735374,45.44849122657849,37.69240068152249,0.3972611263738129,-92.30769230769272,-95.00000000000028,0
1550,598195,20116830,33.470000000000006,406,65.15484583,55.60410108,36.50261156,62.11857321396021,60.00408287383598,0.498449600674259,-29.99999999999972,-29.99999999999972,1
1347,166779,6044253,36.230000000000004,134,48.99827793,39.6908087,21.07587023,43.07585883335124,46.46857916859151,-0.169814134965063,-16.66666666666785,-44.4444444444448,0
1514,895959,27684737,30.714999999999996,499,51.03655761,55.33183802,63.92239883,55.39486513936674,59.91152261086277,0.0774091762620106,0.0,0.0,1
610,303408,12003126,39.66,137,31.57556882,42.72887179,65.03547773,43.31957084426439,42.76396398845439,-0.205436234260023,-100.0,-91.66666666666715,0
453,319264,12735683,40.195,121,22.39335818,39.20883862,72.83979951,36.9046685556535,29.80032702945321,-0.2363013904617634,-100.0,-100.0,0
1102,999645,41074205,41.010000000000005,527,56.75528974,54.56153897,50.17403745,57.07230997534932,54.053919989753794,0.4440415156521179,-50.0,-44.44444444444436,0
2069,597351,17678652,29.465000000000003,318,50.59499895,41.42647952,23.08944065,55.41118177661782,62.54687591535938,-0.0329606254126185,0.0,0.0,1
1944,1510065,46861304,30.99,875,42.04948509,49.59209228,64.67730665,53.41609408532901,50.66290601149511,0.2541147121609109,-92.85714285714326,-55.26315789473693,1
1729,4035353,119038945,28.82,1508,63.94422956,71.94523043,87.94723218,65.0012991851382,64.49961223635773,0.3401602976114747,-45.4545454545454,-29.411764705882305,1
792,194750,6687873,34.50000000000001,130,48.26534933,57.98644418,77.42863389,44.27034649077253,33.74512585537104,0.1111854577047693,-100.0,-92.30769230769272,0
1790,676370,19130714,27.830000000000002,306,82.72842243,73.93820315,56.3577646,58.78811929510616,74.67879726876448,-0.2805099116969131,0.0,0.0,1
217,171600,6439998,37.99,95,40.42234506,54.72386762,83.32691275,42.22657622712714,38.92550328402591,-0.3876294654602371,-100.0,-87.09677419354824,0
1512,400961,12322996,30.695000000000004,214,55.11003241,60.44179912,71.10533255,53.94939232980411,56.67075639043623,0.0814758238142474,-25.000000000000444,-25.000000000000444,1
385,182000,7514050,40.980000000000004,87,53.78246138,51.80267518,47.84310278,51.65686845265894,63.352597480204246,-0.3307289758381023,0.0,0.0,1
541,284400,11726809,41.295,145,45.90381083,48.14665161,52.63233315,49.686131126915605,42.68732935891418,0.3354216546323598,-100.0,-83.33333333333347,0
572,491924,19847822,40.485,173,35.1687714,30.5715802,21.3771978,40.461347953670426,43.42265150815282,-0.2159017838408511,0.0,-40.00000000000057,0
208,58729,2193018,37.6,37,48.27475867,45.16758609,38.95324091,35.82634154185696,34.165139302229065,-0.7038453180473129,-100.0,-85.71428571428645,0
72,554000,23333950,42.089999999999996,229,53.19950472,48.95162317,40.45586009,48.74309930297624,47.09302560062797,0.2705924440741068,-57.14285714285773,-60.97560975609765,0
2191,1553129,47589707,30.690000000000005,705,39.07637127,51.62370441,76.71837069,48.05611868652353,46.00608481580644,-0.1000247582905081,-100.0,-72.72727272727238,0
2214,689400,20402508,29.645,384,47.02521666,47.18497247,47.5044841,38.98393717085541,37.78200403337589,-0.2396487097912617,-100.0,-77.77777777777743,0
1510,341286,10458766,30.65,249,65.66423959,67.2178883,70.32518574,49.42555014909197,45.0980334334201,0.0882398912423962,-100.0,-57.14285714285671,1
10,1692700,64498474,39.095,543,20.82044702,22.49233779,25.83611934,9.74292462505768,15.926191016762628,-0.0928031484871149,-100.0,-100.0,0
2427,534457,11650602,22.095,270,28.11682395,41.78112899,69.10973907,40.73649348771,35.20922857661112,-0.139567455519902,-100.0,-100.0,0
1291,771423,28116980,36.145,342,90.39199457,85.43903817,75.53312536,68.05520305674372,77.54764553618327,0.0744326016216911,0.0,0.0,1
2339,8211015,198834060,23.5,2124,72.18807641,59.23246461,33.321241,59.31416581245421,65.54412890043852,-0.063102408946134,0.0,0.0,1
304,906808,37923863,40.55,383,81.68746263,76.89318137,67.30461883,84.6481609188638,90.1713435381561,0.6602932946830072,0.0,0.0,1
918,317050,10941374,34.42,166,53.24476804,39.22556076,11.18714621,37.824807515044746,51.135670053001526,-0.64003942693626,0.0,-27.272727272727156,0
1391,822451,27994596,33.955,320,70.61249909,69.56017659,67.45553158,40.68553039823598,46.46028497072872,-0.6077017091645375,-100.0,-44.4444444444448,1
2362,845963,19331201,23.81,401,12.37825035,23.17981606,44.78294748,32.41914320935052,22.39516213654186,-0.0162581083252877,-100.0,-100.0,0
1001,505648,17969216,35.565,253,42.49605251,48.83299105,61.50686813,56.734291643649335,57.29242006818647,0.1262155930934824,0.0,-44.44444444444436,0
1596,578869,17854339,31.23,398,60.25863806,65.21198621,75.11868252,31.52037557302052,27.210774082535234,-0.3707397012919607,-100.0,-100.0,0
1086,700297,28067680,39.964999999999996,452,44.4899952,44.51623516,44.56871508,61.52785052172997,62.6732392015327,0.4912533075177595,0.0,-16.66666666666588,1
1122,1161971,48169487,41.370000000000005,631,33.66529248,28.5247762,18.24374363,56.07907445197194,59.351977462870266,0.2164381114443291,0.0,-50.0,0
1530,2155140,71611826,31.65,1172,75.66447558,63.37097127,38.78396265,82.90191432164218,89.36500194906532,0.257247344236918,0.0,0.0,1
2151,978224,30404071,31.115000000000002,406,49.38755267,54.94866979,66.07090402,43.65515570964555,45.974144222180016,-0.3026776918063662,-42.85714285714271,-47.05882352941171,1
855,421561,15378475,36.285000000000004,265,59.34785008,46.37586151,20.43188439,53.4433665424355,58.10175635649113,0.0623612520941687,-18.75000000000061,-18.75000000000061,1
420,249555,10097772,42.425,145,34.48172669,48.08261314,75.28438603,29.31706535059067,22.877291783326797,0.0321341982500594,-92.3076923076922,-92.85714285714276,0
1835,358577,10309407,29.055,197,43.2571539,60.28530714,94.34161361,51.129451702064266,40.25880841839678,0.2885661176820086,-100.0,-82.60869565217396,0
1003,844116,29966101,35.559999999999995,270,34.24436811,41.02435839,54.58433895,51.29327511930176,47.992162451514325,0.1218158957018695,-80.00000000000114,-70.5882352941177,0
161,269000,11535300,43.254999999999995,92,28.44255044,44.06682254,75.31536675,42.20556626341162,34.84529679374104,-0.0734398902359431,-100.0,-100.0,0
1567,507092,16537263,33.095,248,40.38216743,58.9521618,96.09215052,39.97878163467264,30.35356309601729,0.0901434882448798,-100.0,-100.0,0
2220,1225143,36451722,29.714999999999996,601,57.62635647,49.16195606,32.23315525,53.78785302334202,64.1497143791053,-0.186403092324514,0.0,0.0,1
533,509420,20910428,41.334999999999994,174,16.85864053,27.97520423,50.20833161,50.960921686619166,40.22466643819339,0.5063695142502542,-100.0,-100.0,0
1157,863614,32933346,37.230000000000004,499,61.45569404,42.5352765,4.694441424,57.611699774333566,72.79914026908006,-0.6376674145837552,0.0,0.0,1
1518,1088800,33596018,30.744999999999997,437,48.35290027,50.0916375,53.56911196,55.13631259267168,58.63409835692857,0.0756197519776197,0.0,0.0,1
1126,2939422,124028503,41.62,1237,79.08908776,62.54872183,29.46798998,65.27943973121305,72.80721992626876,0.2361510942130304,0.0,0.0,1
1879,494080,14564943,28.95,229,88.58631847,84.54058282,76.44911152,64.14601137203468,73.56205342115108,-0.0162590521122406,-9.090909090909207,-4.166666666666728,1
692,630755,23968412,37.535000000000004,363,71.9514599,73.6651556,77.09254699,59.46135112763075,64.18244225718365,-0.2030780032748866,-62.50000000000022,-17.857142857142875,1
2172,1894569,56875694,30.505000000000003,764,12.5453452,12.91813012,13.66369997,32.26261349423973,27.491810791234226,-0.2914839047850919,-100.0,-100.0,0
1473,1125259,34376598,29.925,677,82.38415915,75.49057476,61.70340596,63.35468921586389,65.7593023744178,-0.0312714472170574,-27.777777777777825,-12.328767123287657,1
1535,1457780,49117763,32.86,608,87.69166935,82.80384457,73.02819502,79.13745007758624,81.07761502746833,0.5383193857219369,0.0,0.0,1
614,136530,5361249,39.55499999999999,80,14.99135815,21.80697522,35.43820935,39.100167442425,36.452470404615866,-0.2062458968410343,-85.71428571428629,-94.44444444444476,0
416,3261320,143394380,43.39,499,80.17716731,74.26611088,62.44399802,65.3502936372742,66.38572073161522,0.3708032987217967,-59.99999999999943,-17.647058823529214,1
238,82600,3024250,36.985,65,28.51702169,30.3970072,34.15697823,46.12527114214335,48.64212002990326,-0.3228655285604968,-27.27272727272809,-73.17073170731717,0
971,630201,22051770,35.08,320,44.06895179,53.4337649,72.16339111,45.28028701558319,41.94056553284455,-0.0927012401907304,-100.0,-90.9090909090902,0
2389,2810008,62428914,22.75,1229,57.5286925,71.31390324,98.88432471,39.95561955976928,31.05320476861132,-0.1452250521647221,-100.0,-100.0,0
352,842955,35799600,42.64,342,70.61308251,57.1315204,30.16839618,56.871260557231615,64.23110028547451,-0.1490418347252217,0.0,0.0,1
647,255704,10079606,38.81999999999999,122,59.00590231,53.6770239,43.01926708,66.64811568066524,75.53823494245134,0.0095050130615915,-9.090909090909207,-8.333333333333432,1
2381,1466697,33085530,21.695,545,71.93745552,53.05596166,15.29297394,54.69501370995822,68.5213577457586,-0.5237323131743025,0.0,0.0,1
1559,1117989,36790687,32.78,582,49.59264195,38.49997995,16.31465595,52.15636106402063,55.57298534327014,0.1240384220147777,0.0,-34.28571428571437,0
1427,352653,11246657,32.339999999999996,208,25.10208486,36.64816966,59.74033927,28.543834118281232,18.06082632806268,-0.2656243741882368,-100.0,-100.0,0
762,969051,33630160,33.65,480,71.01562192,56.06207024,26.15496688,63.815553972293614,75.11964075332904,-0.2222883008194959,-5.882352941176544,-5.882352941176544,1
2444,1946039,42215673,21.28,823,41.78782508,27.87175292,0.0396086,55.99610012554898,71.14772068951393,-0.2283820252269421,0.0,0.0,1
631,284100,10711630,37.629999999999995,173,64.22354775,41.76801318,-3.143055959,48.70939369053616,62.42514044533694,-0.5343261104832664,0.0,0.0,1
2395,1166272,26692464,22.675,524,62.08832905,58.29520836,50.70896697,55.29132263932562,59.99709958424651,-0.0618321103980382,0.0,-31.999999999999883,1
1326,709000,26520797,37.105,413,79.50635571,78.48078199,76.42963455,59.39412551616024,59.72433946991876,0.1054095750026089,-74.99999999999956,-27.27272727272697,1
2092,369451,10988893,29.564999999999998,202,61.51616988,59.80346423,56.37805291,52.315990317911584,54.14782567968642,-0.0115260771951705,-42.857142857143295,-37.500000000000334,1
2303,2046571,49122260,23.14,888,87.43151903,89.19834003,92.73198203,59.48864219171504,71.26379916039073,-0.6537274629421648,-20.83333333333329,-10.8695652173913,1
345,212062,9027484,42.755,100,24.247026,27.95717516,35.37747349,41.13776351876758,38.11670841718758,-0.0283344986510504,0.0,-85.71428571428557,0
592,318900,12742950,40.265,176,14.75047532,21.87186035,36.11463041,35.68264508137896,26.723709689521225,-0.1468444996116192,-100.0,-100.0,0
386,145259,6015948,41.03,73,60.85497425,54.8201082,42.7503761,55.40055179815355,70.27616561497261,-0.3029497236438885,0.0,0.0,1
395,774300,33629419,41.85,370,80.52551546,73.3066292,58.86885668,77.7512790680901,90.12488296994088,0.0122158117274677,0.0,0.0,1
2224,1307271,38521742,29.675,672,36.10177686,48.4639901,73.18841657,38.35404547395424,32.44181399558569,-0.1459583212318223,-100.0,-100.0,0
877,282275,10414731,36.845,149,76.64387142,71.03024625,59.80299591,59.49129856885723,62.975182187857705,0.1064965613510747,-19.999999999998863,-16.66666666666588,1
1181,869102,32774450,37.684999999999995,530,77.87445894,81.02662602,87.33096018,54.874118948561815,57.71411258356235,-0.0891550782743556,-50.00000000000119,-30.000000000000423,1
1334,462353,17240715,37.375,281,53.24121735,56.96714206,64.41899146,53.85377670033969,48.71896705576439,0.1647016012491571,-100.0,-70.00000000000028,1
1878,529996,15568280,28.870000000000005,306,90.02233485,82.51771499,67.50847528,66.10527114319011,77.94510572876096,-0.0406912381722092,0.0,0.0,1
1808,673128,18827519,27.7,339,51.88890437,48.47780307,41.65560047,50.22866082735013,54.79650544829772,-0.116550741799716,0.0,0.0,1
107,145623,6492628,44.36,82,61.60853153,65.61607628,73.63116579,61.4944350596909,58.68652976861012,0.5529522134458342,-100.0,-27.90697674418604,1
163,791000,34068650,43.185,91,33.08557797,38.08675089,48.08909672,48.34794341065412,48.65214756549112,-0.0755469492669797,-33.33333333333281,-62.49999999999967,0
1151,1473833,54108850,37.62,802,14.31846575,22.07894552,37.59990507,22.13204852763859,12.04815333746109,-0.7077788036011676,-100.0,-100.0,0
51,1332175,59043700,42.114999999999995,417,78.04252107,77.63869514,76.83104329,72.65690081064278,75.80737801315192,0.7576904995667533,-23.52941176470581,-17.777777777777715,1
60,933398,40112182,43.07,246,31.91559387,38.74692079,52.40957461,54.29234806553298,50.26604257216927,0.8962688915663298,-66.66666666666666,-73.68421052631587,0
887,1193847,45055298,37.155,434,77.95305061,70.2666971,54.89399007,77.12299338751966,86.53619202073783,0.1517807047726521,0.0,0.0,1
2257,3107288,84531094,28.119999999999997,1310,12.759969,19.38432487,32.63303661,23.809017187440386,20.105439409943088,-0.3468770704743937,-100.0,-100.0,0
702,371095,13998869,37.875,203,11.86982171,25.00660873,51.28018276,48.04304285996978,39.64578177429242,0.1102888696060645,-100.0,-100.0,0
472,146261,5680376,38.88,78,39.81740604,37.52756085,32.94787046,30.45574303155688,29.928429871175684,-0.353828346692212,-100.0,-100.0,0
914,461000,15828350,34.55,224,26.58460523,22.08472625,13.08496828,25.462646291630183,28.892886532757306,-0.6291354395482034,-42.857142857143145,-69.23076923076982,0
2060,1483349,43705514,29.47,474,30.03521694,35.40358692,46.14032688,42.38916021665799,36.78989484758704,0.0067896708898692,-100.0,-69.99999999999957,0
230,518118,19682612,37.285000000000004,267,63.19703202,53.79108573,34.97919315,53.82333091319202,58.93419843526829,-0.3247071079371673,-28.124999999999837,-28.124999999999837,1
923,748345,26784870,34.93,435,82.59261388,75.05995885,59.99464878,59.7713708127314,68.91494376909083,-0.4236406235484706,-29.99999999999972,-17.647058823529214,1
975,547273,19158479,35.029999999999994,281,28.67393437,41.48825531,67.11689719,46.54927612088474,43.72713207290012,-0.0577405410174593,-85.71428571428659,-87.50000000000067,0
1996,268690,7797054,29.040000000000003,191,27.58699398,25.35668709,20.8960733,48.05329541765372,48.50911435708253,-0.0064462665535119,0.0,-66.66666666666666,0
1331,360708,13479676,37.364999999999995,213,55.38355302,62.57499587,76.95788156,58.92362813343849,59.94334551307792,0.1538299290969238,0.0,-50.0,0
1195,906018,33600414,37.48,541,24.67539872,27.94391088,34.4809352,38.81340038396077,31.9516218957728,-0.0214072964712992,-100.0,-100.0,0
225,258156,9578409,37.29,92,43.69255234,37.07200893,23.83092212,42.98633244819111,44.98311005829136,-0.3810351665137844,0.0,-61.111111111110894,0
187,243405,9548234,40.2,160,38.8366726,39.77563501,41.65355983,41.43560251409925,39.74599959122751,-0.5568779378753014,-50.0,-81.4814814814815,0
2089,691853,20410313,29.475,315,50.27441601,55.58325477,66.20093229,48.48953756782672,49.16164106592232,-0.0229248273387254,-59.99999999999943,-42.85714285714271,1
327,629900,27630970,44.654999999999994,285,61.3349591,69.49240859,85.80730758,59.958283794483535,52.10136729617215,1.0723477743355063,-70.83333333333329,-45.94594594594599,1
1437,1856526,57473917,31.65,989,39.30327165,40.35588301,42.46110574,19.819943787706904,12.818852505900065,-0.3124610499873197,-100.0,-100.0,0
180,535000,21656100,40.845,231,69.55704093,72.91761739,79.63877032,46.09256448934318,46.23316428424292,-0.5892627517108368,-100.0,-30.555555555555447,1
735,3031052,103866096,35.115,1045,56.92108524,65.64562923,83.09471721,36.27186694172324,32.66604332170729,-0.4527831056228041,-100.0,-100.0,0
680,316925,11322100,35.995,159,33.88761388,22.79979456,0.624155932,30.16402199044648,35.06921066517179,-0.7371133141727484,-20.000000000000284,-63.63636363636381,0
766,951279,33089592,34.290000000000006,411,78.92452126,74.72288493,66.31961227,63.1986975124797,68.73789991319941,0.0100920503461535,-57.14285714285773,-10.256410256410389,1
1161,729075,27801769,37.62,495,77.70794736,68.44537494,49.92023011,57.15920624543783,67.24686753550915,-0.4252252849675823,-28.571428571428864,-6.060606060606152,1
807,1074175,38168442,34.9,340,67.6820874,67.06279758,65.82421792,65.70606522126529,68.81799122973811,0.1396569800596778,-19.04761904761924,-14.285714285714432,1
824,1342833,47832642,34.97,616,64.07160378,50.58029424,23.59767515,66.77837644594847,79.12810921685715,0.0889983734208271,0.0,0.0,1
500,140750,5606125,39.165,95,85.74997169,82.65879503,76.4764417,70.85881802221998,76.05251410621223,0.0666548463791905,0.0,0.0,1
1784,375855,10425257,27.589999999999996,247,64.43238062,46.83524449,11.64097221,41.89362750792075,51.86169994708199,-0.3434214472511086,0.0,0.0,1
2334,1849460,43094709,23.395,568,29.14873369,28.49342181,27.18279803,47.5242970441656,50.66745285730617,-0.1140782005269744,0.0,-51.51515151515142,0
583,344238,14062931,40.64,162,57.81288863,59.15168007,61.82926296,52.05072461441872,54.03319300245221,-0.1278897739865691,-41.17647058823539,-41.17647058823539,1
1858,616242,17853204,29.385,311,42.35899783,58.62746465,91.16439829,43.96172863753055,36.17864067833396,0.1911693555583051,-100.0,-100.0,0
1988,1258879,36960744,29.335,473,54.96709496,55.95863331,57.94171002,52.22663423800981,48.75005759637211,0.0624156466496179,-100.0,-50.0,1
530,1360043,56374573,41.519999999999996,363,36.70560411,47.13378708,67.99015301,64.09801240854492,60.2933306161834,0.5758592948113136,0.0,-71.42857142857115,0
1425,786800,25206428,32.445,552,36.08495409,48.97192112,74.74585517,33.43384709674916,25.590734252226,-0.2651468211776347,-100.0,-100.0,0
1562,918277,30589568,32.795,501,83.4721745,65.48142782,29.49993445,62.08906844316252,71.58103098870552,0.109139171323094,0.0,0.0,1
805,1765000,62698648,34.665,722,67.91494876,67.01522226,65.21576927,60.57694527275219,61.35961714569266,0.0876368534741278,-52.38095238095257,-36.66666666666696,1
775,791145,27097474,34.2,371,33.07754564,25.75560254,11.11171635,56.438121297631504,60.52521413951701,0.0825514317537642,0.0,-33.33333333333307,0
2353,2759406,68808165,24.654999999999998,862,81.10821346,77.31759879,69.73636946,63.40933159102013,68.94794719770637,0.2266325102648618,0.0,0.0,1
1335,957360,35484803,37.325,432,49.38303379,54.43910597,64.55125032,48.67015172861488,39.09553746649803,0.1602226335760044,-100.0,-100.0,0
941,1020047,36242864,36.114999999999995,514,28.22599783,44.9858782,78.50563893,40.01568719595563,29.248559739891174,0.1469826439525404,-100.0,-100.0,0
1158,862207,33088618,37.315,569,71.80379602,52.29144967,13.26675697,59.67740616551349,75.0613263487561,-0.5860560239109283,0.0,0.0,1
1410,562319,18138333,32.515,358,32.04295647,35.03089425,41.00676983,32.46272414153833,34.0623746542636,-0.5412155693212728,-80.00000000000114,-91.66666666666715,0
2132,1196613,39130228,34.084999999999994,511,21.00737763,43.71228593,89.12210254,45.9439859139354,35.188760804673386,0.8615517154915237,-100.0,-100.0,0
1515,522832,16166172,30.725,303,50.69103841,53.78490482,59.97263763,55.39486513936674,59.911522610862754,0.0769926836738421,0.0,0.0,1
911,899473,30761017,34.745,361,20.97304267,17.92694351,11.83474521,18.25692527566775,11.149431719545335,-0.5391927958541011,-100.0,-100.0,0
1295,1403851,52444282,36.67,897,90.86098675,87.78165691,81.62299723,79.88141084212947,87.77259279481218,0.2139109854378804,0.0,0.0,1
1689,659433,18042672,27.475,322,24.3028593,17.3108598,3.326860783,39.2330906151211,47.688240075479946,-0.4284489705781716,0.0,-58.3333333333333,0
366,449200,18703159,41.92,95,53.63648081,56.08062383,60.96890987,41.85683011403818,37.51853295744274,-0.2532368824632965,-100.0,-65.51724137931025,0
1332,823380,30765337,37.39,458,57.29273905,60.81424359,67.85725268,61.42286572894925,65.02017306513983,0.1600810712379967,0.0,-29.99999999999972,1
717,4543388,159952183,36.455,1067,32.68418393,33.23011223,34.32196884,19.934270977205998,10.996747511347946,-0.2496618265857441,-100.0,-100.0,0
1613,543114,16347682,29.935000000000002,293,51.55153618,33.91472628,-1.358893527,45.79176475785026,55.36728434365437,-0.4639025889494771,0.0,-10.52631578947384,1
64,567000,23857600,42.56,168,22.35369756,27.13316583,36.69210238,48.00525291076006,40.130233209502535,0.6655098780487473,-100.0,-100.0,0
46,1291045,52845371,40.32,387,65.4137805,74.45521226,92.53807578,57.02305895726391,58.004748588346,0.3251808007173097,-91.66666666666715,-28.94736842105288,1
1730,2188217,62263180,28.804999999999996,875,45.06851076,62.98632388,98.8219501,48.284763188960376,36.75555301938709,0.3454634905102954,-100.0,-100.0,0
1997,387073,11135257,28.964999999999996,241,31.72466265,27.47934561,18.98871152,43.85212390211343,39.49991178856951,-0.0165028697212298,-59.99999999999943,-74.9999999999997,0
323,1146968,51854214,44.065,435,78.85040812,78.04591691,76.4369345,77.43536173507187,83.61543901797002,1.0699934696793798,0.0,0.0,1
1511,415331,12719839,30.670000000000005,261,54.88727083,63.10768248,79.54850577,50.93188483935216,49.09675359646028,0.0842270176737267,-75.00000000000134,-50.00000000000059,1
1196,1430392,53580594,37.445,760,45.2381446,33.70865546,10.64967716,54.34375419108009,59.74589083086909,-0.031601057576225,0.0,-6.666666666666288,1
2301,2102255,50594689,22.729999999999997,1073,93.25504871,89.95714979,83.36135195,63.05668397696344,80.09128456852376,-0.883994826294666,0.0,0.0,1
674,354131,12750653,37.72,210,13.16549342,23.42203539,43.93511932,23.710905344832504,17.978991136944256,-0.3146616110758615,-100.0,-100.0,0
250,119599,4336203,35.425,67,71.92786228,52.44806178,13.48846076,53.87628284087727,61.70557791322657,-0.5247567409755063,-21.62162162162153,-18.18181818181809,1
1513,553388,17001266,30.7,325,51.55483642,57.47947822,69.32876183,52.18436248719224,52.02611068839468,0.0786762278008788,-50.00000000000089,-50.00000000000089,1
2139,1285400,39603007,31.7,622,9.325547429,11.27203933,15.16502312,34.828066521579174,26.14117107177421,0.1408018416426122,-94.73684210526308,-97.77777777777776,0
1131,993832,38246581,40.325,450,15.77342515,29.47180303,56.86855879,28.996684344878105,23.774808869059825,-0.1687811026984472,-68.4210526315791,-92.77108433734946,0
1650,824700,23212134,28.585,501,16.02192459,24.37133535,41.07015687,24.970008275592253,19.77717631882776,-0.5232368081191495,-100.0,-100.0,0
695,1090478,41730817,38.025,554,66.08828182,68.66548191,73.81988211,63.74669606604586,71.94724315252299,-0.0202684320881344,0.0,-9.090909090909012,1
50,1790407,79286558,41.725,671,79.56378161,77.43678218,73.18278333,72.65690081064278,75.80737801315193,0.6468643052426357,-17.977528089887564,-17.02127659574461,1
244,185379,6411735,35.86,109,15.74228855,18.05242699,22.67270387,29.323246075880284,22.936812239326212,-0.50453643147658,-100.0,-100.0,0
641,139420,5353693,38.605,102,48.12761946,64.9906925,98.71683859,48.57648094564347,47.655970306039,-0.1674692828674401,-75.0,-79.99999999999972,0
2171,1984776,60162068,30.634999999999998,771,17.03230352,13.10452258,5.248960718,34.721337196791865,31.72187565522321,-0.260731025612862,-77.77777777777821,-91.66666666666684,0
1911,336772,10172133,30.609999999999996,202,25.78249932,46.94706513,89.27619675,44.22453912020355,35.07879584206136,0.212215390831442,-100.0,-100.0,0
1071,2454697,97175574,39.125,1085,68.94668888,71.07830671,75.34154235,69.32511329052625,71.50643600857978,0.4392464454260437,0.0,-5.555555555555249,1
454,247765,9871121,40.135000000000005,142,19.09557212,32.50441645,59.32210512,39.02415563427734,34.967250723517814,-0.2299425539208556,-83.33333333333412,-90.9090909090914,0
822,850946,29750010,34.93,325,45.05396566,36.44825637,19.23683778,51.05563578627409,52.37809299276138,0.098895841555909,0.0,-61.538461538461455,0
780,1137497,39489093,34.315000000000005,362,78.37770802,63.46139622,33.62877263,60.65954068824993,68.23261771666618,0.1081322918373812,0.0,0.0,1
2175,13388339,392966701,30.18,2266,20.77322033,16.2161179,7.101913041,29.83761341497675,24.79370417757658,-0.3652216534496333,-100.0,-100.0,0
899,469961,17685381,37.364999999999995,253,68.32337596,59.74645071,42.59260022,59.68094592077263,61.52589919292845,0.1585016000874824,-14.285714285714432,-14.285714285714432,1
1074,2947165,117181600,39.5,1129,74.95977543,75.68904519,77.1475847,66.35002629354952,64.78973635970405,0.5329416512754934,-31.034482758620825,-29.03225806451623,1
1794,450506,12608866,27.985000000000003,201,66.59004503,74.54235258,90.44696766,46.62425048072634,45.6712699492965,-0.1772413895654734,-100.0,-50.000000000000256,1
734,420063,14938139,35.129999999999995,317,76.38162786,70.00790122,57.26044796,52.24211559198177,59.55212783768937,-0.4659867502882985,-11.538461538461393,-9.677419354838593,1
427,217500,8792499,40.375,101,45.38278717,39.1003896,26.53559445,33.668032973578406,33.71318487215831,-0.5007227161945369,-16.66666666666588,-16.66666666666588,0
1810,372749,10413377,27.775,196,52.07408096,50.70618867,47.9704041,51.759514829544784,57.384858988546014,-0.1039811719795004,0.0,0.0,1
173,1650608,68502363,40.11,701,61.12925393,47.01198925,18.77745987,54.06541257507591,64.31356924592347,-0.8545504825553585,0.0,-19.819819819819852,1
758,585613,19365207,33.375,249,18.32610978,30.53021121,54.93841405,40.957674717891074,37.93681368553752,-0.4173948188117439,-100.0,-100.0,0
1775,1042952,28749350,28.669999999999998,524,32.60161884,42.33302807,61.79584654,25.78163976937165,18.611371322349573,-0.0720557578193563,-100.0,-100.0,0
2250,4024293,114024549,28.98,1746,34.91755802,40.60426098,51.97766689,27.20195520855316,22.55067580113176,-0.1591570676620539,-100.0,-100.0,0
2405,1972135,44187883,22.95,843,30.33358232,47.49293629,81.81164423,39.98136178860104,29.343347690255595,0.0707254111940718,-100.0,-100.0,0
1327,585341,21811269,37.154999999999994,293,73.00423714,76.65526704,83.95732684,56.322530643380006,54.00578780872274,0.1213912928331382,-100.0,-36.36363636363619,1
2209,654507,19278205,29.630000000000003,342,18.55607234,20.53435001,24.49090536,34.10000156584863,32.45811082986088,-0.2618913135050246,-74.99999999999956,-88.88888888888872,0
402,161695,6966753,43.394999999999996,83,70.68479006,79.44920052,96.97802145,61.60507370351086,53.54130395098304,0.4578312597910785,-100.0,-37.83783783783796,1
1677,853222,24053417,28.605,367,8.759076071,14.21680093,25.13225064,28.883527134663733,14.27404157238072,-0.1926530573330039,-100.0,-100.0,0
1904,1596657,49502495,30.314999999999998,756,80.56466674,68.63653827,44.78028135,62.80820188120329,67.85043771932952,0.2540621259946471,0.0,0.0,1
640,119268,4575437,38.585,84,59.69142918,73.42222902,100.8838287,48.57648094564346,47.65597030603899,-0.1893562676079384,-79.99999999999972,-66.66666666666707,1
649,332365,13000151,38.955,191,54.753374,55.25359929,56.25404988,55.94856559330677,52.56385557319724,0.0716088597446496,-100.0,-37.50000000000015,1
1920,585066,17347858,29.889999999999997,424,30.56185508,26.7221398,19.04270926,42.53981688664263,41.58487000985251,-0.0269838703540008,-65.2173913043479,-65.2173913043479,0
1111,1898995,79862829,41.36,959,68.84517033,67.11546568,63.65605637,64.80257178644973,69.31680348146479,0.3821079939658763,0.0,0.0,1
1089,1277127,51651169,40.025,623,68.35322913,55.2628774,29.08217394,66.82564839322207,72.68278491123917,0.4463236901602115,0.0,0.0,1
248,251800,9064700,35.325,153,47.94880125,31.41264187,-1.659676896,52.40679386726742,63.74158695467135,-0.5970334827211496,0.0,-11.428571428571184,1
2041,718446,21386559,29.714999999999996,445,57.29817153,59.77304715,64.7227984,55.76670375191214,49.65803123877389,0.1649362145911552,-100.0,-57.14285714285728,1
138,201100,8533445,42.684999999999995,97,51.88433991,40.40566053,17.44830176,40.86811235982431,46.75114480826727,-0.3506535640809622,0.0,-53.33333333333314,0
292,1198825,47416050,39.025,409,71.51866897,70.04767749,67.10569453,67.03715291012345,74.54197375552842,0.4425523634028124,0.0,0.0,1
1351,711431,25762116,36.31,390,73.32635348,64.5566547,47.01725715,48.81884858968215,56.82905448622474,-0.1692018850313226,0.0,0.0,1
1978,2052521,60779670,28.955000000000002,913,62.77510414,66.07044472,72.66112587,57.46178447618385,64.66184377735885,-0.1439152204586526,0.0,0.0,1
1492,2189321,69197848,30.589999999999996,1214,79.66112635,68.35174949,45.73299576,69.6646740533833,78.87180604295001,0.2456498380375531,0.0,0.0,1
1065,3283931,128788743,38.21,1611,93.20807928,86.75949178,73.86231676,84.79438055265923,92.68720668587164,0.2498113636989792,0.0,0.0,1
618,414662,16188214,39.33,190,16.05130677,17.99324363,21.87711736,38.72774115369749,36.30289670167077,-0.2106678339148388,-100.0,-100.0,0
1025,318510,12066918,37.95,190,48.15489399,60.63900335,85.60722207,61.88848679904864,54.079630888486406,0.5886008048692286,-100.0,-69.23076923076944,1
1308,1110500,40824094,37.06,812,22.4138306,29.26835917,42.97741631,45.17813259784278,35.17198834214994,0.2754681195526438,-100.0,-100.0,0
2311,2155219,52352201,23.830000000000002,686,78.23163201,70.24324612,54.26647435,65.29258156196946,77.58263081764295,-0.0933088313310654,0.0,0.0,1
778,656846,22632265,34.239999999999995,256,62.06412875,46.6501509,15.8221952,56.9805033197633,61.19971582215028,0.0887259266661485,0.0,0.0,1
1140,1976361,74274561,38.3,429,35.36963933,32.12594404,25.63855346,29.086110044974088,24.81307146660821,-0.710914062585234,-100.0,-100.0,0
467,96101,3733139,39.239999999999995,58,32.85809051,30.51999697,25.84380989,31.27412015661617,31.03700613165922,-0.3213114367218446,0.0,-81.81818181818159,0
257,206400,7543250,36.37,113,80.10995791,72.93948762,58.59854702,59.86259361588404,70.78774662184347,-0.2401403785340147,0.0,0.0,1
2318,707056,17366185,24.395,285,54.38707267,60.15031867,71.67681068,60.920740969324186,63.7503632221582,0.1891830536199588,0.0,-42.30769230769218,1
2055,1012045,29817371,29.68,467,37.80345623,41.92001059,50.15311932,43.54172140383786,38.62220333076452,0.0739050921198527,-60.00000000000014,-78.94736842105269,0
704,668465,25080234,37.755,305,6.862777901,15.16013306,31.75484338,44.83322745940242,33.08738849596754,0.0937457140750316,-100.0,-100.0,0
1640,295161,8495278,29.744999999999997,214,8.165088889,17.07958211,34.90856856,24.934352713571208,16.134210150512658,-0.2584291661236458,-100.0,-100.0,0
1197,810335,30424178,37.415,440,52.38098529,39.9327654,15.03632562,49.416224533572176,50.84542785754878,-0.0383927889681943,-35.71428571428557,-35.71428571428557,0
54,1181084,50717209,42.845,355,57.13562396,67.07570872,86.95587823,57.99109561401592,52.66375305442005,0.9467484986113252,-82.35294117647078,-49.43820224719104,1
2299,842590,19366494,22.240000000000002,445,89.99627339,85.79687603,77.39808132,50.75354179252263,63.5243255245688,-1.1148721198819505,-27.777777777777825,-13.513513513513528,1
529,1097469,45285769,41.55499999999999,393,38.3917395,52.34787856,80.26015669,64.09801240854492,60.2933306161834,0.5831701892330162,-19.999999999998863,-71.42857142857115,0
1732,649969,18437905,28.804999999999996,390,33.30958202,47.76128534,76.664692,53.1483327994828,47.341999628574655,0.3385949526168921,-69.99999999999993,-69.99999999999993,0
1754,1127713,33148461,29.215000000000003,551,55.08833499,51.4553747,44.18945413,53.57202460488306,50.33520619081641,0.2223637347787661,-66.66666666666666,-47.61904761904759,0
339,352451,15031544,43.40500000000001,167,44.40541969,54.4011736,74.39268143,40.84556417825896,33.712828583893966,0.3382869987493915,-83.33333333333314,-86.20689655172397,0
2096,369630,11022138,29.665,177,69.50263288,67.55840356,63.6699449,54.202570023736776,55.35573985503195,0.0194921105744259,-50.0,-22.2222222222224,1
2216,396350,11760781,29.660000000000004,206,48.17282357,46.01560752,41.70117542,47.04257444435154,53.89018309077444,-0.2264821731661791,-42.85714285714271,-33.33333333333307,1
1570,253810,8300798,32.985,221,28.39020742,39.73835198,62.43464109,43.808173297689976,39.09617384426655,0.0412971083828626,-50.0,-86.36363636363652,0
901,1192610,41900160,37.135000000000005,550,50.83603034,59.88910943,77.99526761,22.55974842491276,14.612306382104125,0.1245645627315536,-100.0,-100.0,0
1903,1068712,33000471,30.294999999999998,551,76.40255566,62.67247404,35.21231081,62.80820188120329,67.85043771932952,0.2508634429391486,0.0,0.0,1
851,666860,24007610,36.385000000000005,262,31.42675189,41.32266803,61.11450032,37.11574725667544,22.062401108016847,0.1647809387543521,-100.0,-100.0,0
839,2517820,91610734,37.364999999999995,1247,50.88260122,68.86080386,104.8172091,43.4290504092092,28.12548530857365,0.6060206498992313,-100.0,-100.0,0
417,1960146,78120631,43.125,731,59.3156424,69.28262139,89.21657936,24.60225797115315,15.765257755446765,0.319858620637783,-100.0,-100.0,0
1930,582758,17432194,29.609999999999996,290,82.54479574,68.48960281,40.37921695,52.541297813686015,62.62371144788593,-0.1439071202287727,0.0,0.0,1
215,349870,13260971,37.945,166,60.82207125,66.98236405,79.30294966,45.94647573383793,45.60825508819942,-0.4400829793757752,-90.9090909090908,-64.51612903225788,1
1147,752828,28407948,37.870000000000005,469,33.03106404,40.09255036,54.21552302,31.856847837531244,28.769577797213213,-0.7286934933381622,-100.0,-100.0,0
2193,1917300,58889190,30.685000000000002,739,29.76043851,40.93230912,63.27605033,48.03350365214831,45.9370795421716,-0.0818604650294813,-100.0,-72.72727272727238,0
1262,646279,23234177,36.25,418,37.77525044,51.36823633,78.55420811,48.33736378113648,43.51843117252086,0.0245356012955609,-100.0,-100.0,0
1792,213183,6010822,27.940000000000005,131,83.68176799,78.77272574,68.95464124,58.04205244924038,70.31165892371016,-0.2248029085929438,0.0,0.0,1
1178,295153,11120157,37.345,146,84.85427095,82.49171074,77.76659032,53.51503714527284,56.60437565709352,-0.1905120642203998,-69.23076923076982,-23.07692307692319,1
1560,1036007,34396528,32.75,590,64.37489262,47.12495084,12.62506729,57.22718722377837,63.905579701609774,0.1107745679798599,0.0,0.0,1
413,292320,12812380,43.1,130,75.806273,58.45927546,23.76528036,67.45053533498997,74.36246564249045,0.3383758661078793,0.0,0.0,1
2161,2089694,65896074,32.03,931,30.60886381,49.33054684,86.77391289,43.38234289643199,34.695825434909295,0.0106595852040796,-100.0,-100.0,0
1302,1588721,58984918,37.405,899,47.40128921,66.05107526,103.3506474,49.9705517709807,39.18437870271532,0.3941106896388563,-100.0,-100.0,0
2283,3082848,67714547,25.14,1261,10.37855013,16.83513832,29.74831471,8.00150772305975,4.065894797695548,-0.7530518420431235,-100.0,-100.0,0
726,1287400,44328320,35.14999999999999,508,35.39467133,28.86106098,15.79384027,34.07087784194863,36.29832690180025,-0.5396108619061853,-50.0,-64.28571428571443,0
2152,4084194,129320858,31.255000000000003,1724,66.25836845,58.71856934,43.63897113,58.54392253625661,72.27530977056486,-0.2858673521881891,0.0,0.0,1
1733,529120,15146728,28.77,251,30.33646931,41.95301333,65.18610138,54.02815277117712,49.19596867392767,0.3288016302299508,-53.33333333333314,-64.99999999999986,0
814,1160955,40492525,35.4,543,44.236826,56.43464097,80.83027091,47.15394374763805,36.70280077645446,0.2551071459143349,-100.0,-100.0,0
440,174842,6980303,40.095,131,28.09530702,36.23674041,52.5196072,30.671177097917955,25.443208106240256,-0.5144589827017485,-100.0,-100.0,0
524,2083173,86749877,41.165000000000006,727,80.82447919,82.02955524,84.43970733,67.48417778046628,63.60053839647927,0.5270090483656469,-90.00000000000057,-20.93023255813968,1
544,456180,18776513,41.345000000000006,207,39.72907526,42.63672512,48.45202484,53.20482352970046,51.22183553154087,0.2698983706007969,-40.00000000000057,-66.66666666666693,0
919,832995,29116420,34.455,439,65.93129464,48.12747205,12.51982689,51.50937116285642,69.67878151590563,-0.6164127408498968,0.0,0.0,1
865,271146,9992078,36.614999999999995,183,84.99493554,82.56449379,77.7036103,61.21616553599115,72.31537056736182,0.0725399883210205,0.0,0.0,1
2131,3231036,106603874,34.120000000000005,1117,31.51106645,55.06474008,102.1720874,47.20503330563096,36.85019667454918,0.9194791242173088,-100.0,-100.0,0
2020,1076979,30912791,28.865,470,23.16703535,23.61655878,24.51560564,39.80125947278094,35.70910646849723,-0.0631640874617742,-50.0,-89.99999999999986,0
162,1244577,53724374,43.23,171,33.62836696,40.58733735,54.50527812,51.06563810022988,54.53244022386178,-0.0748899144856444,0.0,-43.74999999999994,0
132,734999,31380302,43.82,280,14.46190499,17.28657733,22.935922,29.951437904036865,18.70547003317656,-0.0183409593201845,-100.0,-100.0,0
1429,622511,19729898,32.175,359,35.13558947,35.01094702,34.76166212,26.117247807261883,14.647386562102508,-0.2727148042818514,-100.0,-100.0,0
328,495800,21841190,44.725,233,55.35538154,64.78006624,83.62943565,55.72232001239775,45.53967045379516,1.0394261882550409,-95.833333333333,-79.31034482758595,0
2027,1455303,43020297,29.029999999999994,695,86.11967787,75.22465067,53.43459628,67.86437612933352,83.28964978710958,-0.0302058041099265,0.0,0.0,1
299,507104,20323510,39.765,206,75.24550541,74.52437732,73.08212112,75.24455234230354,84.64061645668703,0.5620925209545721,0.0,0.0,1
451,488090,19549211,40.235,216,47.05172256,54.62984963,69.78610377,44.74560206370752,45.29483625659663,-0.2579633278130299,-100.0,-70.00000000000028,0
2159,1290910,41287976,31.939999999999998,580,57.81225126,65.77487911,81.70013482,50.70989483653281,47.485564442855896,-0.0077142093432604,-100.0,-44.11764705882346,1
114,343000,15155700,44.6,137,28.31266996,37.18961736,54.94351216,49.83451728794376,35.7697416871189,0.5047598441098569,-100.0,-100.0,0
1136,1132261,42648762,38.62,634,22.19904299,20.08155062,15.84656587,28.344241328732263,23.23207766732863,-0.5263262260242343,-100.0,-100.0,0
501,221795,8828006,39.325,124,81.67645172,82.33134726,83.64113834,65.07944866112362,65.61737807571586,0.1124572367141511,-39.99999999999915,-11.76470588235272,1
1169,517905,18631761,37.205,317,38.1218704,39.44865834,42.10223423,32.41640546732992,28.51703350032644,-0.3511596154213978,-73.52941176470607,-82.35294117647074,0
1659,583326,17449026,29.145000000000003,389,67.35485787,64.1167389,57.64050098,61.29196247458526,71.14611471611923,-0.2449819023254484,0.0,0.0,1
194,163250,6338887,39.0,101,40.43929997,35.04754048,24.26402152,41.93471272752241,43.42665949231729,-0.6848230548940878,-29.411764705882305,-63.63636363636353,0
449,370603,14986334,40.18,205,62.78945268,60.03188552,54.51675119,46.07179399116827,48.09581560761162,-0.2993117841741698,-79.9999999999983,-42.85714285714228,1
492,93300,3568860,38.165,54,56.11831872,55.02065542,52.82532883,44.60452040311056,48.58085850355442,-0.2922984408422581,-71.42857142857115,-55.5555555555552,1
635,145045,5609436,38.05,79,83.56671684,72.91373437,51.60776941,56.636420521084574,67.47991436924386,-0.3830954164679896,-16.66666666666588,-5.88235294117615,1
575,318904,12869999,40.43,151,55.79074708,40.77491899,10.74326281,46.87947250805989,55.45475424012919,-0.220445096899162,0.0,0.0,1
311,397871,16931928,42.52,247,59.37659759,69.16724861,88.74855066,64.14079855818824,58.41721438241376,1.022516521214777,-77.77777777777783,-51.85185185185175,1
484,178400,6782210,38.209999999999994,109,33.03207304,29.14102405,21.35892606,34.68884006362947,35.67000224033976,-0.3967082024446613,-75.00000000000178,-90.00000000000057,0
713,407330,14859574,36.879999999999995,199,30.61282171,19.52527848,-2.649807964,39.53560489500615,39.24110206778848,-0.1479586634849007,0.0,-72.22222222222217,0
856,250300,9110010,36.265,149,57.89856672,50.21676325,34.85315631,47.68925180229522,46.79839684710949,0.0510029532248381,-50.00000000000044,-50.00000000000044,0
