data,volume,price,open,high,low,close,diff,times,result
100/01/03,35747205,2541551155,71.50,71.60,70.80,71.10,+0.10,7394,1
100/01/04,36048199,2567399929,71.00,71.60,70.80,71.20,+0.10,8813,1
100/01/05,54327088,3811818734,70.90,71.10,69.60,69.80,-1.40,12673,0
100/01/06,46802332,3295606915,69.80,71.00,69.70,71.00,+1.20,8619,1
100/01/07,170328819,12335418871,71.90,73.00,71.90,72.50,+1.50,23691,1
100/01/10,69703894,5110967768,73.00,74.20,72.60,74.20,+1.70,16369,1
100/01/11,82758806,6162045858,74.10,74.90,73.80,74.50,+0.30,16810,1
100/01/12,53637687,4014372696,74.70,75.00,74.70,74.90,+0.40,10433,1
100/01/13,93105337,6938412487,75.10,75.30,74.20,74.60,-0.30,12512,0
100/01/14,29817293,2220104622,74.40,74.80,74.10,74.80,+0.20,5767,1
100/01/17,67400276,5092053375,75.40,75.90,75.30,75.80,+1.00,11899,1
100/01/18,57357186,4373750537,75.50,77.40,75.20,76.80,+1.00,13917,1
100/01/19,87297730,6768302794,76.90,78.30,76.60,78.00,+1.20,19410,1
100/01/20,43718267,3341141503,77.00,77.00,76.10,76.40,-1.60,14962,0
100/01/21,81475611,6091444279,74.00,75.20,74.00,74.60,-1.80,15460,0
100/01/24,46169039,3467457893,75.20,75.40,74.60,75.30,+0.70,8248,1
100/01/25,50794623,3826117525,75.90,75.90,74.90,75.00,-0.30,9000,0
100/01/26,66830494,4989976065,74.60,75.20,74.30,74.60,-0.40,11664,0
100/01/27,69892004,5251216072,74.90,75.40,74.80,75.20,+0.60,13786,1
100/01/28,110404458,8379115848,75.20,76.90,74.90,76.30,+1.10,22572,1
100/02/08,110969823,8381585010,77.00,77.00,74.80,75.50,-0.80,26740,0
100/02/09,81246782,6040472175,75.50,75.60,73.80,73.80,-1.70,20142,0
100/02/10,83632934,6078858298,73.10,73.40,72.00,72.00,-1.80,20588,0
100/02/11,112430037,8044680271,72.20,72.40,70.90,71.40,-0.60,26850,0
100/02/14,66889583,4841305528,72.00,72.90,71.50,72.50,+1.10,14377,1
100/02/15,56495041,4102685127,72.40,73.10,71.40,72.50,0.00,13726,0
100/02/16,54423863,3933560828,72.40,72.70,71.90,72.10,-0.40,11904,0
100/02/17,49330644,3562377585,72.40,72.90,71.60,72.50,+0.40,11030,1
100/02/18,74599914,5483477622,73.10,73.90,73.00,73.00,+0.50,14923,1
100/02/21,39070280,2849659463,73.10,73.40,72.30,73.40,+0.40,7394,1
100/02/22,82661396,5929226108,72.20,72.50,71.20,72.50,-0.90,18155,0
100/02/23,80262579,5724036296,71.50,71.90,70.50,71.00,-1.50,19137,0
100/02/24,62768424,4454063545,71.00,71.40,70.50,70.50,-0.50,12755,0
100/02/25,78873152,5559067692,70.60,71.10,69.90,70.50,0.00,17438,0
100/03/01,84618121,6003532203,70.00,71.80,70.00,71.40,+0.90,15496,1
100/03/02,53047407,3745323697,70.80,71.00,70.40,70.40,-1.00,12752,0
100/03/03,59498499,4214044381,70.10,71.60,70.10,70.80,+0.40,10928,1
100/03/04,60659920,4348797572,71.50,72.00,71.30,71.80,+1.00,11646,1
100/03/07,30172470,2149438070,71.60,71.70,70.90,70.90,-0.90,7613,0
100/03/08,55818519,3982273270,70.50,71.80,70.50,71.50,+0.60,9129,1
100/03/09,46796528,3350255428,72.20,72.20,71.10,71.40,-0.10,7702,0
100/03/10,64180088,4539678068,72.10,72.10,70.10,70.50,-0.90,13650,0
100/03/11,52600534,3687666814,70.00,70.60,69.50,70.00,-0.50,12715,0
100/03/14,48041338,3354385405,70.30,70.50,69.10,70.30,+0.30,10839,1
100/03/15,117025324,7953678108,70.00,70.10,66.20,68.00,-2.30,26883,0
100/03/16,62389483,4274786011,68.80,69.10,68.10,68.50,+0.50,12755,1
100/03/17,105442287,7033491536,66.80,67.50,65.70,67.40,-1.10,22945,0
100/03/18,55721233,3780251570,67.80,68.40,67.20,68.30,+0.90,13797,1
100/03/21,36534983,2510013669,68.30,69.10,68.00,69.00,+0.70,9293,1
100/03/22,34736830,2393692119,69.50,69.50,68.40,68.60,-0.40,8792,0
100/03/23,31238583,2142998527,69.10,69.10,68.10,68.70,+0.10,8969,1
100/03/24,44747838,3111389809,69.10,70.10,69.00,69.40,+0.70,10271,1
100/03/25,51712263,3656021795,70.40,71.20,70.00,71.20,+1.80,14870,1
100/03/28,31030915,2197248591,70.60,71.00,70.30,71.00,-0.20,8150,0
100/03/29,34871283,2468543490,70.60,71.20,70.40,70.80,-0.20,8045,0
100/03/30,60975449,4290358805,70.30,70.80,70.00,70.30,-0.50,11251,0
100/03/31,46429498,3272055557,71.00,71.00,70.00,70.60,+0.30,7943,1
100/04/01,30274033,2133378022,70.70,70.80,70.10,70.70,+0.10,5174,1
100/04/06,114460250,8301842095,71.50,72.90,71.50,72.90,+2.20,25496,1
100/04/07,45215954,3283279085,73.00,73.00,72.30,72.80,-0.10,9827,0
100/04/08,65763831,4782338327,72.90,73.00,72.40,72.90,+0.10,9173,1
100/04/11,62602112,4503047226,73.00,73.00,70.90,71.10,-1.80,10791,0
100/04/12,45964636,3231872388,70.50,70.70,70.10,70.10,-1.00,10389,0
100/04/13,27891600,1964191434,70.10,70.80,70.00,70.70,+0.60,6801,1
100/04/14,53756684,3757806950,70.30,70.50,69.60,69.80,-0.90,12461,0
100/04/15,52231570,3629601369,70.00,70.00,69.10,69.20,-0.60,11026,0
100/04/18,27185278,1877233082,69.80,69.80,68.80,69.00,-0.20,6035,0
100/04/19,42733182,2915769158,68.50,68.50,68.00,68.10,-0.90,9788,0
100/04/20,48244873,3333577105,69.00,69.80,68.50,69.80,+1.70,9868,1
100/04/21,50937217,3606899284,70.70,71.30,70.30,70.70,+0.90,12730,1
100/04/22,25371724,1792206477,70.90,71.00,70.30,70.90,+0.20,5550,1
100/04/25,22103592,1556732134,71.00,71.10,70.10,70.30,-0.60,4696,0
100/04/26,31931088,2226635524,69.70,70.30,69.10,70.30,0.00,8675,0
100/04/27,59307601,4271965822,71.50,72.70,71.50,72.30,+2.00,17352,1
100/04/28,83614038,6125682340,73.40,73.70,72.90,73.00,+0.70,17830,1
100/04/29,93588212,6882965276,73.70,73.90,72.90,73.20,+0.20,17949,1
100/05/03,81669099,6066179700,73.90,74.80,73.60,74.60,+1.40,19824,1
100/05/04,46678225,3433260073,74.40,74.40,73.00,73.80,-0.80,10039,0
100/05/05,45484174,3378326290,74.00,74.80,73.60,74.80,+1.00,11504,1
100/05/06,54111533,4059218987,75.00,75.60,74.40,75.00,+0.20,14830,1
100/05/09,64708117,4897105327,75.60,76.10,75.20,75.50,+0.50,11734,1
100/05/10,43355853,3237316122,75.60,75.60,74.40,74.40,-1.10,9744,0
100/05/11,43256281,3243205073,75.30,75.30,74.60,75.00,+0.60,8555,1
100/05/12,59055772,4439548659,74.20,76.00,74.10,75.70,+0.70,13621,1
100/05/13,40118462,3043904778,76.00,76.10,75.50,75.90,+0.20,9913,1
100/05/16,34105848,2560369491,75.90,75.90,74.70,74.90,-1.00,6607,0
100/05/17,41402144,3119333671,74.60,76.00,74.60,75.60,+0.70,10167,1
100/05/18,28263408,2130897500,75.30,75.80,74.90,75.30,-0.30,6393,0
100/05/19,58823651,4460406004,74.90,76.30,74.90,75.20,-0.10,10381,0
100/05/20,33000080,2493815774,76.00,76.00,74.90,75.50,+0.30,6934,1
100/05/23,39033336,2930155900,74.70,75.50,74.50,75.10,-0.40,7808,0
100/05/24,34788138,2599793554,74.90,75.10,74.20,74.80,-0.30,7252,0
100/05/25,59580438,4415640385,74.20,74.90,73.30,74.50,-0.30,11539,0
100/05/26,33240611,2473777614,75.00,75.00,74.00,74.20,-0.30,6184,0
100/05/27,49929460,3699398420,73.80,74.50,73.80,74.00,-0.20,8290,0
100/05/30,33733362,2524331116,74.00,75.30,74.00,75.10,+1.10,7159,1
100/05/31,62918492,4799615122,75.50,76.90,75.40,76.70,+1.60,14707,1
100/06/01,45321656,3488783299,76.30,77.30,76.30,77.00,+0.30,12368,1
100/06/02,61881218,4759830178,76.30,77.40,76.30,76.40,-0.60,11664,0
100/06/03,36770550,2822036850,77.00,77.20,76.10,77.20,+0.80,7149,1
100/06/07,41425578,3213436992,77.20,78.20,76.60,77.50,+0.30,11181,1
100/06/08,58253016,4519789810,77.10,78.00,77.10,77.50,0.00,8862,0
100/06/09,36964778,2849471423,78.00,78.00,76.80,76.90,-0.60,7818,0
100/06/10,55348517,4214876102,77.00,77.50,75.10,75.30,-1.60,15429,0
100/06/13,72548035,5389059717,74.50,75.00,73.90,74.70,-0.60,13505,0
100/06/14,52975332,4004129070,74.50,76.40,74.50,76.20,+1.50,11341,1
100/06/15,91840464,7051595267,77.00,77.40,76.10,77.00,+0.80,13586,1
100/06/16,63134906,4779979485,76.00,76.20,75.40,75.50,-1.50,11314,0
100/06/17,91732005,6844046003,75.00,75.10,74.10,74.20,-1.30,16326,0
100/06/20,31787173,2381029976,74.60,75.40,74.10,74.90,+0.70,7386,1
100/06/21,42663024,3234102432,75.40,76.20,75.30,75.90,+1.00,9032,1
100/06/22,46702856,3517723800,76.30,76.30,74.60,75.00,-0.90,9351,0
100/06/23,70233153,5213627372,74.70,74.90,73.80,74.20,-0.80,13195,0
100/06/24,86769132,6309240008,73.60,73.60,71.90,72.90,-1.30,16470,0
100/06/27,65176171,4683848612,72.00,72.10,71.60,72.00,-0.90,14604,0
100/06/28,101716180,7347339744,72.10,72.60,71.80,72.50,+0.50,16823,1
100/06/29,93105765,6628947156,70.90,72.10,70.40,71.40,X0.00,21630,0
100/06/30,48913227,3508412909,71.40,72.20,71.30,72.20,+0.80,11473,1
100/07/01,41924811,3041361758,72.20,73.00,72.00,72.80,+0.60,9108,1
100/07/04,44330249,3265852793,73.90,73.90,73.10,73.50,+0.70,10247,1
100/07/05,39009290,2839150300,73.20,73.30,72.40,73.20,-0.30,6807,0
100/07/06,43443966,3169242267,73.20,73.40,72.50,72.80,-0.40,6816,0
100/07/07,47743268,3429527818,72.10,72.30,71.50,71.60,-1.20,12693,0
100/07/08,52961930,3838413159,72.10,72.80,72.00,72.50,+0.90,8251,1
100/07/11,52112506,3701064900,72.60,72.60,70.20,71.30,-1.20,12078,0
100/07/12,40008149,2818009872,70.60,70.80,70.10,70.30,-1.00,8940,0
100/07/13,69109535,4966551927,70.50,72.50,70.10,72.20,+1.90,19813,1
100/07/14,54411654,3845784434,70.50,71.40,70.10,70.70,-1.50,13982,0
100/07/15,89121604,6223266856,70.00,70.20,69.50,69.90,-0.80,20328,0
100/07/18,37965672,2648614211,69.70,70.20,69.40,69.70,-0.20,7786,0
100/07/19,57459752,3960351788,69.60,69.80,68.50,68.50,-1.20,16242,0
100/07/20,58272255,4121417467,69.70,71.70,69.40,71.60,+3.10,18930,1
100/07/21,33277022,2364484248,71.40,71.60,70.60,71.60,0.00,8282,0
100/07/22,38243895,2758712171,72.40,72.40,71.70,72.00,+0.40,10571,1
100/07/25,34963097,2517386855,72.40,72.50,71.40,72.00,0.00,6909,0
100/07/26,53159077,3880977197,72.30,73.70,72.30,73.70,+1.70,14102,1
100/07/27,45636420,3357642111,73.70,73.90,73.00,73.40,-0.30,7358,0
100/07/28,33720583,2458820782,72.80,73.40,72.30,73.00,-0.40,7741,0
100/07/29,60692921,4363332512,71.80,72.40,71.30,72.00,-1.00,11402,0
100/08/01,41138861,2984412089,72.00,72.80,72.00,72.60,+0.60,9646,1
100/08/02,33521052,2399941256,72.00,72.10,71.20,71.40,-1.20,7851,0
100/08/03,46025696,3226551033,70.10,70.50,69.80,70.10,-1.30,11372,0
100/08/04,45103688,3162508320,69.60,70.70,69.60,70.00,-0.10,10275,0
100/08/05,89690635,6013753980,66.00,68.00,66.00,66.60,-3.40,22333,0
100/08/08,97536001,6426603066,66.00,67.40,64.00,65.20,-1.40,22330,0
100/08/09,116036463,7354968530,62.50,65.10,62.20,63.30,-1.90,25582,0
100/08/10,109804248,7206636534,65.10,67.00,65.00,65.80,+2.50,21763,1
100/08/11,54377640,3571174180,64.60,66.80,64.00,66.40,+0.60,15680,1
100/08/12,64348977,4253027242,67.20,67.60,65.10,65.10,-1.30,14567,0
100/08/15,40240365,2675866137,66.90,66.90,65.90,66.80,+1.70,9150,1
100/08/16,39029009,2585577850,66.80,66.80,66.00,66.00,-0.80,8534,0
100/08/17,35881176,2360049216,66.00,66.20,65.30,65.80,-0.20,8105,0
100/08/18,73320125,4695617230,65.80,65.80,63.30,64.40,-1.40,16649,0
100/08/19,49269207,3119349158,63.10,63.90,63.00,63.90,-0.50,11160,0
100/08/22,46371719,2997433435,63.60,65.50,63.00,65.00,+1.10,11040,1
100/08/23,46548145,3093697242,65.00,67.10,65.00,66.80,+1.80,13627,1
100/08/24,50480441,3380050126,67.70,67.70,66.40,67.50,+0.70,11566,1
100/08/25,30883139,2074112391,67.40,67.60,66.40,67.00,-0.50,8297,0
100/08/26,40513405,2750768446,67.10,68.30,67.00,67.90,+0.90,11534,1
100/08/29,38635070,2686589000,68.60,69.90,68.10,69.40,+1.50,11936,1
100/08/30,33757478,2332283886,70.30,70.30,68.60,69.00,-0.40,8525,0
100/08/31,47789802,3266971812,69.10,69.40,67.80,69.40,+0.40,13887,1
100/09/01,47994636,3322356474,69.40,69.80,68.60,68.60,-0.80,10282,0
100/09/02,44964008,3042415230,69.50,69.50,67.10,67.50,-1.10,13796,0
100/09/05,49912276,3312539992,66.10,67.10,65.90,66.60,-0.90,12835,0
100/09/06,40850716,2711985042,66.50,67.20,66.10,66.10,-0.50,9801,0
100/09/07,40117110,2720071001,67.00,68.60,66.80,68.60,+2.50,11733,1
100/09/08,43046405,2967138440,69.60,69.60,68.40,68.70,+0.10,9523,1
100/09/09,38350672,2665646110,69.50,70.10,68.90,69.30,+0.60,11193,1
100/09/13,34951115,2414649355,69.60,70.00,68.40,68.40,-0.90,8661,0
100/09/14,60845560,4134929548,69.50,69.60,66.90,67.20,-1.20,13812,0
100/09/15,44236998,3046097996,69.00,69.80,68.50,69.10,+1.90,11209,1
100/09/16,78609192,5621716242,70.40,72.00,70.30,71.10,+2.00,20647,1
100/09/19,28798528,2049752088,71.40,71.70,70.70,71.20,+0.10,7367,1
100/09/20,46911328,3314325795,71.00,71.70,69.70,70.50,-0.70,11007,0
100/09/21,54414093,3898725910,71.00,72.10,70.90,72.00,+1.50,13868,1
100/09/22,64921340,4514152505,70.20,70.50,69.00,69.00,-3.00,16718,0
100/09/23,89409070,6071074170,68.20,68.90,67.40,67.50,-1.50,18056,0
100/09/26,61686437,4159118797,67.70,68.30,66.90,67.20,-0.30,15317,0
100/09/27,56719834,3945882224,68.90,70.20,68.70,69.90,+2.70,17185,1
100/09/28,46783456,3286245486,70.80,70.90,69.80,70.30,+0.40,11757,1
100/09/29,39956350,2805982829,69.60,70.90,69.30,70.30,0.00,9194,0
100/09/30,60517984,4220225580,70.30,70.80,69.00,70.00,-0.30,12759,0
100/10/03,33968944,2335511516,70.00,70.00,68.10,68.60,-1.40,9483,0
100/10/04,36568490,2540121034,70.00,70.00,68.20,69.10,+0.50,10442,1
100/10/05,36349687,2511002772,68.90,69.70,68.70,69.10,0.00,6327,0
100/10/06,57263562,3968213591,69.70,69.90,68.70,69.00,-0.10,8736,0
100/10/07,47924012,3315263468,69.50,69.60,68.70,69.10,+0.10,9249,1
100/10/11,55726870,3900409882,70.00,70.40,69.60,70.00,+0.90,9755,1
100/10/12,41639259,2916679839,70.50,70.50,69.60,70.40,+0.40,7736,1
100/10/13,58476748,4072375476,69.80,70.40,68.80,70.40,0.00,13891,0
100/10/14,38790537,2722706423,70.80,70.80,69.90,70.30,-0.10,7268,0
100/10/17,39053573,2767783320,70.80,71.10,70.50,71.10,+0.80,8936,1
100/10/18,25859669,1820847546,70.10,70.70,70.00,70.70,-0.40,5105,0
100/10/19,32281304,2287371660,71.00,71.10,70.20,71.10,+0.40,7991,1
100/10/20,27287389,1909738390,70.50,70.70,69.60,69.70,-1.40,6973,0
100/10/21,17965963,1257984550,70.70,70.70,69.60,70.30,+0.60,4929,1
100/10/24,50146184,3590883240,71.20,71.90,71.20,71.70,+1.40,12332,1
100/10/25,43178880,3087980523,71.80,72.00,71.00,71.50,-0.20,8795,0
100/10/26,25727121,1843564309,71.40,72.00,71.10,71.90,+0.40,6368,1
100/10/27,39438225,2832114496,72.00,72.20,71.40,71.90,0.00,7592,0
100/10/28,93382868,6828823471,73.50,74.00,72.10,73.10,+1.20,20209,1
100/10/31,46791993,3438295187,73.50,73.80,73.10,73.60,+0.50,9244,1
100/11/01,37363232,2754350295,73.50,74.00,73.00,73.80,+0.20,8643,1
100/11/02,34693880,2546513447,73.10,73.90,72.40,73.90,+0.10,8278,1
100/11/03,43447566,3177894847,74.20,74.20,72.30,73.50,-0.40,8857,0
100/11/04,57309287,4277362262,74.50,74.90,73.90,74.60,+1.10,13961,1
100/11/07,29685653,2219387371,75.00,75.20,74.30,75.00,+0.40,7388,1
100/11/08,21482009,1599494706,75.00,75.00,74.00,74.50,-0.50,5920,0
100/11/09,20575896,1531224513,74.90,74.90,74.10,74.10,-0.40,5223,0
100/11/10,49448638,3601248565,72.50,73.40,72.50,72.60,-1.50,8347,0
100/11/11,27527803,2013820580,73.50,73.60,72.60,73.40,+0.80,7448,1
100/11/14,63725093,4810724916,74.90,76.00,74.60,75.90,+2.50,18034,1
100/11/15,37165042,2803144119,75.50,76.00,75.00,76.00,+0.10,10545,1
100/11/16,39988018,3020326950,76.00,76.00,74.90,75.40,-0.60,9292,0
100/11/17,34944675,2635499218,75.20,76.00,74.80,75.70,+0.30,9129,1
100/11/18,56459308,4211471792,75.00,75.20,73.70,74.20,-1.50,9287,0
100/11/21,23406267,1717903202,73.20,73.90,73.00,73.30,-0.90,5849,0
100/11/22,47492221,3531645858,75.20,75.20,73.80,74.00,+0.70,9696,1
100/11/23,43984809,3226833226,74.00,74.50,73.10,73.40,-0.60,8471,0
100/11/24,47608921,3471132619,72.90,73.20,72.60,72.80,-0.60,8142,0
100/11/25,38314107,2767183720,73.00,73.30,71.30,71.60,-1.20,8769,0
100/11/28,34957012,2569936811,71.60,74.40,71.60,73.60,+2.00,9524,1
100/11/29,42724548,3140182368,73.80,74.20,72.90,73.60,0.00,8654,0
100/11/30,51449819,3805245022,74.00,74.60,73.00,74.60,+1.00,8122,1
100/12/01,78593221,5997369796,75.50,76.60,75.50,76.60,+2.00,20515,1
100/12/02,35343298,2686345783,76.60,76.80,75.40,76.00,-0.60,7764,0
100/12/05,30150720,2288353890,76.00,76.30,75.40,76.30,+0.30,6148,1
100/12/06,43140275,3269855525,76.30,76.30,75.30,75.40,-0.90,9266,0
100/12/07,40912767,3116217742,76.50,76.50,75.40,76.40,+1.00,9864,1
100/12/08,31710593,2402903359,76.70,76.70,75.30,76.30,-0.10,7786,0
100/12/09,42027756,3130202061,76.00,76.00,73.50,74.10,-2.20,12223,0
100/12/12,28589597,2132391336,75.10,75.20,74.10,75.00,+0.90,5981,1
100/12/13,31354392,2336178062,73.70,75.20,73.70,75.20,+0.20,7333,1
100/12/14,29240577,2175048720,75.10,75.10,73.90,74.50,-0.70,6635,0
100/12/15,36001877,2631665133,74.10,74.10,72.50,72.50,-2.00,10505,0
100/12/16,22604586,1648284768,72.80,73.40,72.50,72.70,+0.20,5599,1
100/12/19,24542073,1775484260,73.50,73.50,72.00,72.50,-0.20,7852,0
100/12/20,27359115,1980397308,72.90,72.90,72.00,72.80,+0.30,8626,1
100/12/21,54091089,4064703745,74.90,76.00,74.10,76.00,+3.20,15782,1
100/12/22,26771315,2005803811,75.30,75.50,74.40,75.00,-1.00,7111,0
100/12/23,30276612,2273984483,75.80,75.80,74.60,75.40,+0.40,7643,1
100/12/26,11335056,851319000,75.40,75.50,74.70,75.00,-0.40,2995,0
100/12/27,14641772,1099512292,74.80,75.50,74.70,75.50,+0.50,3813,1
100/12/28,20046858,1508958177,75.30,75.70,74.90,75.70,+0.20,4774,1
100/12/29,24790952,1874608832,75.40,75.90,75.20,75.80,+0.10,5434,1
100/12/30,32283770,2438168207,75.70,75.90,74.90,75.80,0.00,5458,0
101/01/02,14945219,1121673328,75.00,75.40,74.70,75.00,-0.80,3402,0
101/01/03,21223640,1605206995,75.50,75.90,75.20,75.70,+0.70,5659,1
101/01/04,34126472,2584467506,76.10,76.10,75.50,75.80,+0.10,7311,1
101/01/05,28076670,2126987204,76.00,76.00,75.30,76.00,+0.20,7053,1
101/01/06,30123118,2269477313,75.90,75.90,74.90,75.60,-0.40,7701,0
101/01/09,27655856,2074522035,75.20,75.60,74.60,75.60,0.00,5106,0
101/01/10,62064369,4729115971,76.00,76.50,75.80,76.50,+0.90,14505,1
101/01/11,44295291,3388935115,76.80,77.00,76.10,76.50,0.00,9749,0
101/01/12,55520616,4267531914,76.70,77.10,76.50,77.00,+0.50,14357,1
101/01/13,57757708,4483256615,77.20,78.00,77.00,77.50,+0.50,15399,1
101/01/16,37711367,2844327425,76.10,76.90,74.60,75.30,-2.20,10092,0
101/01/17,43995131,3316458851,75.90,75.90,74.90,75.60,+0.30,9194,1
101/01/18,57181592,4356043463,75.90,76.70,75.60,76.70,+1.10,13544,1
101/01/30,147548010,11573235542,78.00,79.50,77.20,78.70,+2.00,22750,1
101/01/31,87917010,6835437530,78.10,78.50,76.30,78.50,-0.20,12126,0
101/02/01,47222153,3635636754,77.50,77.70,76.70,77.00,-1.50,11945,0
101/02/02,54065648,4139408266,77.50,77.50,76.10,76.80,-0.20,13604,0
101/02/03,49361665,3748745031,76.30,76.40,75.60,76.20,-0.60,12987,0
101/02/04,22960601,1751843427,76.40,76.70,76.00,76.50,+0.30,6273,1
101/02/06,47596035,3677167919,77.30,77.50,76.60,77.40,+0.90,12277,1
101/02/07,30008591,2317938563,77.50,77.50,76.80,77.40,0.00,6097,0
101/02/08,35600596,2750530815,77.50,77.50,76.90,77.50,+0.10,9080,1
101/02/09,70988148,5478463961,77.00,78.00,76.50,78.00,+0.50,13075,1
101/02/10,47270213,3664264682,78.00,78.00,76.70,76.90,-1.10,10331,0
101/02/13,36415470,2786463230,76.40,77.10,76.20,76.60,-0.30,9645,0
101/02/14,42110292,3233673684,77.10,77.40,76.20,77.30,+0.70,9112,1
101/02/15,71500425,5588585195,77.60,78.50,77.60,78.50,+1.20,15396,1
101/02/16,59907015,4698031555,78.50,78.90,78.00,78.50,0.00,11614,0
101/02/17,78979635,6309497471,79.50,81.10,79.40,80.00,+1.50,14200,1
101/02/20,31810729,2546630759,80.60,80.80,79.70,80.00,0.00,6826,0
101/02/21,28138010,2246058190,80.00,80.00,79.30,80.00,0.00,7394,0
101/02/22,41142793,3272417484,79.90,80.00,79.00,79.70,-0.30,9208,0
101/02/23,59975057,4682232446,79.00,79.40,77.70,78.10,-1.60,14125,0
101/02/24,41026074,3210715319,77.50,79.10,77.20,79.10,+1.00,8549,1
101/02/29,78339188,6287743759,80.20,81.10,79.40,81.10,+2.00,18172,1
101/03/01,21239827,1710833901,81.00,81.00,80.10,80.10,-1.00,6032,0
101/03/02,23912512,1903984572,80.00,80.10,79.20,80.00,-0.10,7219,0
101/03/03,7341542,582164539,79.10,79.60,79.10,79.30,-0.70,2856,0
101/03/05,22825263,1800269666,78.70,79.60,78.50,78.90,-0.40,7120,0
101/03/06,27779665,2190390269,79.60,79.60,78.30,79.50,+0.60,6610,1
101/03/07,30335373,2397735943,79.00,79.30,78.70,79.10,-0.40,7673,0
101/03/08,36967094,2946734735,79.80,80.20,79.20,79.70,+0.60,8363,1
101/03/09,22731319,1808011258,79.50,80.00,78.80,80.00,+0.30,5725,1
101/03/12,28952164,2324706990,80.20,80.50,79.60,80.00,0.00,9433,0
101/03/13,48137168,3890801446,80.60,81.30,80.10,81.30,+1.30,13492,1
101/03/14,63309967,5249393947,82.40,83.20,82.00,83.20,+1.90,19676,1
101/03/15,30609333,2539385308,83.20,83.20,82.50,83.20,0.00,8083,0
101/03/16,29210462,2408154058,83.20,83.80,81.10,81.10,-2.10,7247,0
101/03/19,37508089,3122020988,83.70,84.20,82.40,83.70,+2.60,9547,1
101/03/20,30105892,2514856356,84.00,84.10,82.80,83.20,-0.50,10460,0
101/03/21,76183506,6457880070,84.80,85.20,83.80,84.90,+1.70,15662,1
101/03/22,38057031,3237513284,85.00,85.70,84.30,85.20,+0.30,11767,1
101/03/23,29495296,2502726135,85.00,85.40,84.40,85.40,+0.20,7136,1
101/03/26,59940923,4994279778,85.10,85.10,82.50,83.60,-1.80,12949,0
101/03/27,38560309,3278129021,85.00,85.80,84.30,85.80,+2.20,12672,1
101/03/28,28304065,2423045022,86.50,86.50,84.60,85.50,-0.30,7402,0
101/03/29,49939887,4189509235,84.50,84.50,83.40,84.10,-1.40,9545,0
101/03/30,43825171,3674698400,83.70,84.90,82.90,84.90,+0.80,9943,1
101/04/02,23685785,2004876504,84.80,85.20,84.00,85.10,+0.20,5739,1
101/04/03,31283310,2645055555,85.00,85.00,83.80,85.00,-0.10,9307,0
101/04/05,47674092,3981054535,83.30,84.00,83.10,83.10,-1.90,10496,0
101/04/06,34112593,2850369829,84.00,84.00,83.10,83.80,+0.70,6984,1
101/04/09,23247382,1924344706,82.00,83.60,82.00,83.00,-0.80,4830,0
101/04/10,33387462,2750637584,83.10,83.50,81.80,82.00,-1.00,8736,0
101/04/11,40770099,3375902298,82.00,83.50,81.70,82.40,+0.40,9982,1
101/04/12,39454847,3237579871,82.50,82.70,81.50,82.60,+0.20,9060,1
101/04/13,44743187,3771618241,83.40,85.00,82.70,84.90,+2.30,12532,1
101/04/16,19776331,1673137250,84.60,85.00,83.80,84.90,0.00,6073,0
101/04/17,29502643,2483240605,84.90,84.90,83.40,83.80,-1.10,8235,0
101/04/18,32818738,2781054178,85.00,85.00,84.40,85.00,+1.20,9007,1
101/04/19,31617591,2694071757,84.50,85.80,84.30,85.80,+0.80,11044,1
101/04/20,29213382,2479584488,85.00,85.70,84.10,84.30,-1.50,7475,0
101/04/23,20351923,1709684570,84.20,84.60,83.40,84.30,0.00,4905,0
101/04/24,33319546,2803922726,83.80,84.60,83.60,84.60,+0.30,7216,1
101/04/25,49611004,4186151236,84.90,84.90,83.90,84.20,-0.40,6924,0
101/04/26,21066491,1764147209,84.20,84.20,83.50,84.00,-0.20,7253,0
101/04/27,118848912,10407797340,87.00,89.80,86.00,86.00,+2.00,22211,1
101/04/30,47647085,4118427614,86.30,87.40,85.70,86.80,+0.80,10555,1
101/05/02,48249908,4247465384,87.00,88.90,86.80,88.40,+1.60,15172,1
101/05/03,27728263,2456489599,88.40,89.00,87.90,88.90,+0.50,8764,1
101/05/04,37719753,3300691040,86.70,88.00,86.70,87.60,-1.30,8630,0
101/05/07,47917069,4093394049,86.50,86.50,85.00,85.60,-2.00,11459,0
101/05/08,45836390,3886158622,86.00,86.00,84.40,84.40,-1.20,11893,0
101/05/09,41263531,3480408222,83.90,85.20,83.50,84.60,+0.20,10938,1
101/05/10,28688623,2440645115,85.00,85.70,84.30,85.30,+0.70,7662,1
101/05/11,33627250,2855459372,85.70,85.70,84.50,85.50,+0.20,9906,1
101/05/14,14135562,1204829612,84.80,85.50,84.80,85.40,-0.10,3925,0
101/05/15,30739719,2619349215,85.40,85.70,84.10,85.50,+0.10,6610,1
101/05/16,65470478,5493667489,84.20,84.50,83.40,83.40,-2.10,15140,0
101/05/17,33657888,2851033946,84.80,85.10,84.10,85.10,+1.70,8952,1
101/05/18,57620539,4778051198,83.90,83.90,81.80,81.80,-3.30,15891,0
101/05/21,32414856,2663937884,81.00,82.80,81.00,82.50,+0.70,9547,1
101/05/22,33977797,2803415341,82.70,82.90,82.20,82.20,-0.30,8887,0
101/05/23,63269956,5063881047,81.00,81.20,79.00,79.10,-3.10,18441,0
101/05/24,40984054,3261359698,78.90,80.60,78.10,80.60,+1.50,11621,1
101/05/25,28279141,2261306780,79.80,80.50,79.20,80.00,-0.60,10261,0
101/05/28,30137230,2436772528,80.00,81.70,79.80,81.60,+1.60,7547,1
101/05/29,41171871,3394537733,82.50,83.20,82.00,82.30,+0.70,11107,1
101/05/30,75751835,6157496255,81.60,82.00,80.30,81.70,-0.60,15614,0
101/05/31,89332423,7390037108,80.50,85.10,79.70,85.10,+3.40,16981,1
101/06/01,66924957,5410039204,81.70,81.70,79.90,79.90,-5.20,20094,0
101/06/04,66008677,5061652729,76.50,77.10,76.10,76.50,-3.40,17321,0
101/06/05,37616524,2925430438,77.50,78.20,77.20,78.20,+1.70,10668,1
101/06/06,33715255,2628717790,78.20,78.60,77.50,77.80,-0.40,8374,0
101/06/07,47699974,3776662681,79.40,79.80,78.60,79.80,+2.00,12257,1
101/06/08,35987916,2798411257,77.00,78.70,77.00,77.90,-1.90,12274,0
101/06/11,40596219,3250467846,79.90,80.50,79.60,80.40,+2.50,11595,1
101/06/12,38319000,3037170300,78.50,79.80,78.50,79.40,-1.00,10382,0
101/06/13,32284438,2582027840,80.80,80.80,79.50,80.00,+0.60,7296,1
101/06/14,31161642,2482608247,80.00,80.20,79.10,79.20,-0.80,6853,0
101/06/15,89900246,7069334862,79.20,79.50,78.10,78.10,-1.10,10517,0
101/06/18,33737589,2717873270,80.00,81.00,80.00,80.80,+2.70,11204,1
101/06/19,28910805,2320950184,80.90,80.90,80.00,80.50,-0.30,8163,0
101/06/20,35326100,2859663098,81.30,81.60,80.50,81.60,+1.10,8809,1
101/06/21,27063632,2180167468,80.50,81.00,80.30,80.60,-1.00,6980,0
101/06/22,31117704,2497597034,80.00,81.00,79.90,80.10,-0.50,7911,0
101/06/25,40786634,3248322883,80.80,80.80,79.10,79.60,-0.50,7472,0
101/06/26,42391395,3335561563,79.00,79.10,78.30,78.70,-0.90,10670,0
101/06/27,32770862,2587645713,78.30,79.50,78.20,79.30,+0.60,6339,1
101/06/28,33113977,2646449622,80.00,80.30,79.50,79.90,+0.60,7637,1
101/06/29,50919122,4096917828,79.60,81.30,79.30,81.30,+1.40,10327,1
101/07/02,64377033,5332945529,81.50,83.70,81.50,83.30,+2.00,15754,1
101/07/03,60850415,5126362930,83.60,84.90,83.40,84.20,+0.90,16823,1
101/07/04,44220683,3605551244,82.10,82.10,81.20,81.20,X0.00,12038,0
101/07/05,28556444,2314621038,82.00,82.00,80.70,81.00,-0.20,7215,0
101/07/06,38187671,3078338652,81.00,81.00,80.10,80.90,-0.10,6451,0
101/07/09,45060759,3605865720,79.90,80.30,79.60,80.00,-0.90,10215,0
101/07/10,37141829,2941486033,79.40,79.90,78.60,79.10,-0.90,10809,0
101/07/11,59419785,4631169475,78.10,78.30,77.40,78.10,-1.00,18299,0
101/07/12,69235096,5287047721,77.50,77.50,75.70,75.70,-2.40,23778,0
101/07/13,52310641,3949873323,74.90,76.00,74.50,75.80,+0.10,13639,1
101/07/16,41994534,3183841769,76.30,76.30,75.50,75.50,-0.30,9414,0
101/07/17,51879713,3881908383,74.50,75.20,74.50,74.80,-0.70,12607,0
101/07/18,38710559,2902077205,75.00,75.30,74.80,74.80,0.00,8401,0
101/07/19,62113192,4805417749,76.80,78.00,76.80,77.50,+2.70,16410,1
101/07/20,49932861,3822073597,76.40,77.00,76.20,76.70,-0.80,10779,0
101/07/23,57536450,4279479731,75.10,75.10,73.80,74.30,-2.40,17149,0
101/07/24,39973144,2978392600,74.30,74.80,74.20,74.80,+0.50,9278,1
101/07/25,72480832,5425812616,75.00,75.20,74.40,74.60,-0.20,9457,0
101/07/26,47155795,3584528109,75.70,76.70,75.20,76.30,+1.70,12890,1
101/07/27,73460029,5755817625,77.90,79.40,77.20,79.30,+3.00,21866,1
101/07/30,51381522,4085851694,80.00,80.40,78.80,79.00,-0.30,13157,0
101/07/31,68248506,5481799912,78.50,81.00,78.50,81.00,+2.00,16521,1
101/08/01,43525027,3474791160,80.10,80.50,79.40,80.00,-1.00,9580,0
101/08/03,47301469,3765617992,79.50,80.10,79.20,79.80,-0.20,9990,0
101/08/06,58469961,4737484734,80.90,81.50,80.70,80.90,+1.10,12119,1
101/08/07,40186900,3260023131,81.30,81.40,80.70,81.40,+0.50,8912,1
101/08/08,40138071,3253977846,81.90,81.90,80.10,80.50,-0.90,8995,0
101/08/09,54299876,4445413032,81.30,82.30,81.30,82.30,+1.80,14094,1
101/08/10,30075236,2459026452,82.30,82.40,81.20,82.00,-0.30,7652,0
101/08/13,30295284,2512605986,83.80,83.80,82.50,82.70,+0.70,9611,1
101/08/14,33337141,2775745803,83.00,83.80,82.80,83.20,+0.50,9361,1
101/08/15,27500957,2278935990,83.70,83.70,82.50,83.00,-0.20,6642,0
101/08/16,28242616,2345531231,83.00,83.40,82.50,82.90,-0.10,6616,0
101/08/17,30136410,2483333420,83.00,83.20,82.00,82.00,-0.90,9434,0
101/08/20,26037426,2141030713,82.70,82.70,81.90,82.40,+0.40,6050,1
101/08/21,36886310,3079579747,82.70,83.90,82.70,83.60,+1.20,8798,1
101/08/22,33635298,2769711952,83.10,83.40,81.90,82.40,-1.20,9547,0
101/08/23,22367001,1845923956,82.40,82.80,82.20,82.70,+0.30,4794,1
101/08/24,25494308,2092454556,82.30,82.30,81.70,82.00,-0.70,5553,0
101/08/27,25735159,2135558123,82.90,83.50,82.40,83.00,+1.00,7117,1
101/08/28,32428911,2674090877,82.30,83.40,82.00,82.40,-0.60,5990,0
101/08/29,18467775,1527786731,82.60,83.00,82.10,82.70,+0.30,4953,1
101/08/30,46031832,3815781144,82.30,83.20,82.30,82.70,0.00,6154,0
101/08/31,13536360,1125345364,82.40,83.30,82.40,83.30,+0.60,4454,1
101/09/03,20795778,1738754923,83.50,83.90,82.80,83.90,+0.60,7998,1
101/09/04,21703446,1816069778,84.00,84.00,83.50,84.00,+0.10,5097,1
101/09/05,43302499,3564117760,83.00,83.30,81.90,82.00,-2.00,13853,0
101/09/06,25873922,2109312625,82.80,82.80,81.00,81.10,-0.90,8778,0
101/09/07,44499367,3711680234,83.00,83.90,82.80,83.80,+2.70,14273,1
101/09/10,23048912,1924726208,83.30,83.60,83.20,83.50,-0.30,5828,0
101/09/11,31624909,2665308152,84.20,84.70,84.00,84.40,+0.90,9388,1
101/09/12,37513971,3174841680,84.50,84.90,84.50,84.50,+0.10,8244,1
101/09/13,29680695,2513614969,84.50,85.00,84.50,85.00,+0.50,7897,1
101/09/14,52174702,4492191672,85.60,86.50,85.50,86.50,+1.50,12865,1
101/09/17,26567240,2297102795,86.90,87.00,85.80,86.50,0.00,6630,0
101/09/18,35898109,3083460532,86.50,86.50,85.40,85.70,-0.80,8269,0
101/09/19,43594231,3729692605,85.90,86.40,85.10,86.00,+0.30,8737,1
101/09/20,26839673,2290803782,86.00,86.00,85.10,85.30,-0.70,6121,0
101/09/21,51084876,4388915179,86.00,86.50,85.30,85.70,+0.40,8974,1
101/09/24,30360921,2603852706,85.70,86.40,85.10,86.10,+0.40,7142,1
101/09/25,35919223,3087035563,85.80,86.20,85.70,85.90,-0.20,6836,0
101/09/26,36962277,3169378957,85.40,86.40,85.00,86.40,+0.50,8102,1
101/09/27,55641705,4843917168,86.80,87.80,86.20,87.60,+1.20,13494,1
101/09/28,70929037,6323798528,88.60,89.80,88.50,89.80,+2.20,15770,1
101/10/01,38173594,3384611328,89.20,89.20,88.30,88.90,-0.90,8934,0
101/10/02,35734271,3192851647,89.20,89.80,88.90,89.60,+0.70,6356,1
101/10/03,32589245,2921834923,89.60,89.90,89.30,89.80,+0.20,7271,1
101/10/04,39780768,3586440559,89.90,90.60,89.50,90.60,+0.80,10858,1
101/10/05,42175189,3837331745,91.00,91.30,90.40,91.00,+0.40,9903,1
101/10/08,40762655,3649042097,91.00,91.00,89.00,89.10,-1.90,9458,0
101/10/09,61216255,5366535777,87.20,88.50,87.10,87.10,-2.00,15175,0
101/10/11,77901683,6639961233,85.10,85.70,84.80,85.50,-1.60,16816,0
101/10/12,24739631,2125552996,85.60,86.30,85.30,86.30,+0.80,7531,1
101/10/15,19652476,1688835188,86.10,86.40,85.40,86.40,+0.10,5790,1
101/10/16,29927964,2605642551,86.70,87.50,86.70,87.50,+1.10,8318,1
101/10/17,35886090,3129200403,87.80,88.00,86.50,87.40,-0.10,11696,0
101/10/18,23090340,2022320120,87.00,88.20,87.00,88.10,+0.70,6779,1
101/10/19,27673474,2398661445,86.20,87.30,86.20,86.70,-1.40,7739,0
101/10/22,21235789,1824506814,86.30,86.30,85.60,86.00,-0.70,6010,0
101/10/23,16192754,1390372758,85.90,86.30,85.60,85.70,-0.30,4900,0
101/10/24,30208483,2592332070,85.10,86.40,85.10,85.40,-0.30,7746,0
101/10/25,39418993,3351045905,85.40,85.60,84.50,84.80,-0.60,11631,0
101/10/26,68297593,5948363091,86.50,88.30,86.30,87.30,+2.50,16865,1
101/10/29,37746925,3334640360,88.30,89.10,87.60,88.10,+0.80,10906,1
101/10/30,30349208,2684851877,88.80,89.00,87.70,88.00,-0.10,8727,0
101/10/31,26035534,2302952644,88.00,88.80,87.90,88.70,+0.70,6833,1
101/11/01,36018430,3184279870,88.60,89.20,87.70,89.20,+0.50,7548,1
101/11/02,39106042,3513506904,90.00,90.10,89.50,89.90,+0.70,9149,1
101/11/05,31496291,2830445174,89.90,90.30,88.80,90.30,+0.40,7537,1
101/11/06,26410622,2380950880,90.60,90.60,89.70,90.40,+0.10,7490,1
101/11/07,22104042,2001256326,90.50,91.00,90.00,91.00,+0.60,7062,1
101/11/08,39982021,3613654978,90.80,90.90,89.90,90.50,-0.50,9834,0
101/11/09,38435994,3471644015,90.30,90.90,89.50,90.80,+0.30,9270,1
101/11/12,29957365,2735085181,91.00,91.80,90.60,91.30,+0.50,9522,1
101/11/13,41761048,3757311680,91.00,91.00,89.30,90.30,-1.00,11539,0
101/11/14,31098501,2811100212,90.00,90.90,89.50,90.50,+0.20,6542,1
101/11/15,25096315,2259688850,89.90,90.60,89.00,90.20,-0.30,6977,0
101/11/16,33802911,3035657490,89.20,90.30,89.20,90.20,0.00,6953,0
101/11/19,24008686,2163252687,89.70,90.50,89.70,90.00,-0.20,6294,0
101/11/20,21474874,1936744971,90.00,90.40,89.80,90.40,+0.40,5637,1
101/11/21,30262482,2730418163,90.30,90.90,89.20,90.50,+0.10,7078,1
101/11/22,20798294,1891304729,90.30,91.30,90.30,91.30,+0.80,6279,1
101/11/23,64301847,6044532536,91.60,95.50,91.50,95.50,+4.20,19913,1
101/11/26,40021016,3812894830,95.50,95.60,94.90,95.30,-0.20,10458,0
101/11/27,50925485,4866241979,94.60,96.30,94.30,96.30,+1.00,12275,1
101/11/28,63210896,6054403755,95.80,96.10,95.30,95.90,-0.40,9478,0
101/11/29,56516236,5454663600,96.00,97.30,95.50,96.50,+0.60,10024,1
101/11/30,76884589,7526710825,96.00,98.80,95.90,98.70,+2.20,16933,1
101/12/03,44060536,4311338915,98.30,98.60,96.80,97.90,-0.80,12502,0
101/12/04,43075268,4147396261,96.90,97.20,95.30,96.60,-1.30,13639,0
101/12/05,60542922,5812102471,94.60,97.10,94.60,96.90,+0.30,15177,1
101/12/06,33501484,3236359575,96.60,96.90,96.10,96.60,-0.30,9439,0
101/12/07,37114121,3636255890,97.10,98.50,97.10,98.10,+1.50,11574,1
101/12/10,30865940,2996197439,97.90,98.00,96.50,96.50,-1.60,8883,0
101/12/11,40668489,3972651022,97.30,98.30,96.70,98.30,+1.80,12010,1
101/12/12,42272408,4143972704,98.30,98.50,97.20,98.40,+0.10,10100,1
101/12/13,45585236,4499194209,98.30,99.40,97.90,99.20,+0.80,11536,1
101/12/14,34112762,3352051425,98.20,98.60,97.50,98.40,-0.80,9201,0
101/12/17,46715917,4526485549,96.40,97.70,96.20,97.00,-1.40,12256,0
101/12/18,35430802,3409270783,95.00,96.70,95.00,96.70,-0.30,10534,0
101/12/19,27889579,2701305036,96.70,97.30,96.20,97.30,+0.60,8341,1
101/12/20,35517115,3409134340,96.10,96.90,95.10,96.00,-1.30,10738,0
101/12/21,34754207,3303552359,95.10,96.50,94.60,94.80,-1.20,10874,0
101/12/22,8384951,803332094,95.70,96.20,95.00,95.70,+0.90,3112,1
101/12/24,17215850,1646053359,96.00,96.40,95.10,95.20,-0.50,5291,0
101/12/25,16006069,1543165588,96.00,97.30,95.60,96.50,+1.30,5358,1
101/12/26,12055449,1164163504,96.50,97.30,96.00,96.00,-0.50,5045,0
101/12/27,24204700,2319460051,96.20,96.70,95.50,95.60,-0.40,5925,0
101/12/28,25705388,2483313883,96.80,97.00,95.90,97.00,+1.40,7825,1
102/01/02,40647121,4021304950,97.60,99.90,97.10,99.60,+2.60,14353,1
102/01/03,44335846,4472175100,100.50,102.00,100.00,101.00,+1.40,12616,1
102/01/04,39502577,3980403777,100.50,101.50,100.00,101.50,+0.50,10276,1
102/01/07,42328657,4237769552,101.00,101.00,99.10,100.50,-1.00,9042,0
102/01/08,31218717,3100841808,99.60,100.00,98.90,99.70,-0.80,9463,0
102/01/09,26417262,2638483776,100.50,100.50,99.20,100.00,+0.30,7616,1
102/01/10,41234333,4133510035,99.90,101.00,99.50,101.00,+1.00,8304,1
102/01/11,22993851,2319676468,101.50,101.50,100.50,101.00,0.00,7982,0
102/01/14,23575867,2375656925,101.00,102.00,100.00,102.00,+1.00,6414,1
102/01/15,36015126,3620754003,102.00,102.00,99.80,100.50,-1.50,10021,0
102/01/16,35496359,3543926150,100.50,100.50,99.20,99.20,-1.30,8742,0
102/01/17,40526293,4042971250,100.50,101.00,98.50,99.30,+0.10,9034,1
102/01/18,49874215,5045047215,101.50,101.50,100.50,101.50,+2.20,11823,1
102/01/21,17310236,1738509600,101.00,101.00,100.00,100.50,-1.00,5625,0
102/01/22,21946618,2205121218,101.00,101.00,99.90,101.00,+0.50,5388,1
102/01/23,30821432,3111421288,101.50,101.50,100.00,101.00,0.00,7292,0
102/01/24,40653209,4059542810,100.00,100.50,99.20,99.90,-1.10,8257,0
102/01/25,48674849,4801805861,99.90,99.90,98.00,99.00,-0.90,11885,0
102/01/28,29190978,2893310122,98.70,99.50,98.60,99.30,+0.30,7200,1
102/01/29,36060537,3624866512,100.00,101.50,99.70,101.00,+1.70,12071,1
102/01/30,28862623,2923728423,102.00,102.00,100.50,101.50,+0.50,6963,1
102/01/31,42489565,4266277265,100.50,101.50,100.00,101.50,0.00,6481,0
102/02/01,23211035,2343091003,101.50,101.50,100.50,101.50,0.00,7596,0
102/02/04,35257079,3618099182,102.00,103.00,102.00,103.00,+1.50,10873,1
102/02/05,17896471,1832150196,103.00,103.00,101.50,103.00,0.00,5200,0
102/02/06,32330330,3369267370,103.50,105.00,103.00,105.00,+2.00,9340,1
102/02/18,64345580,6895059371,107.00,108.50,106.50,107.00,+2.00,13470,1
102/02/19,22103657,2372380213,108.50,108.50,106.50,107.00,0.00,6114,0
102/02/20,41921556,4558604798,108.50,109.50,108.00,109.00,+2.00,10171,1
102/02/21,30551806,3287642271,108.50,108.50,107.00,107.00,-2.00,7485,0
102/02/22,39577666,4188440636,106.00,106.50,105.00,105.50,-1.50,10313,0
102/02/23,10174533,1083855709,106.50,107.50,106.00,107.00,+1.50,3022,1
102/02/25,37216683,3938987715,106.50,107.00,105.00,105.00,-2.00,8564,0
102/02/26,38498610,4006611594,103.50,105.00,102.50,103.50,-1.50,9572,0
102/02/27,81358059,8385327394,102.00,104.50,101.00,104.50,+1.00,13654,1
102/03/01,35081170,3651664826,103.00,105.00,102.50,105.00,+0.50,9263,1
102/03/04,55265946,5652060892,104.50,104.50,101.50,102.00,-3.00,11896,0
102/03/05,56213527,5798480893,103.50,104.00,102.50,104.00,+2.00,9603,1
102/03/06,38026322,3944092785,104.00,104.50,103.00,104.00,0.00,6844,0
102/03/07,20783572,2150594416,103.50,104.00,103.00,103.00,-1.00,6812,0
102/03/08,46036003,4753123583,103.00,104.50,102.00,103.50,+0.50,8598,1
102/03/11,36093271,3706837142,102.00,104.00,102.00,102.00,-1.50,9071,0
102/03/12,30064912,3075447024,102.00,103.00,101.50,102.50,+0.50,6294,1
102/03/13,57955306,6009069324,102.50,105.00,102.00,104.50,+2.00,9978,1
102/03/14,33067465,3435727588,104.00,104.50,103.00,104.00,-0.50,7022,0
102/03/15,35632988,3696617211,105.00,105.00,103.00,103.00,-1.00,6030,0
102/03/18,44188807,4472705507,102.00,102.00,100.50,100.50,-2.50,11128,0
102/03/19,50765167,5104261200,101.00,101.50,99.60,100.00,-0.50,11099,0
102/03/20,64024225,6344606455,99.50,99.50,98.80,98.80,-1.20,13861,0
102/03/21,58467748,5799884434,98.80,100.50,98.70,98.70,-0.10,13448,0
102/03/22,44937030,4420118840,98.60,99.10,98.00,98.00,-0.70,12072,0
102/03/25,25469505,2540453602,99.90,100.50,99.20,99.50,+1.50,7606,1
102/03/26,27220058,2698733342,99.20,99.40,98.80,99.00,-0.50,8019,0
102/03/27,29969023,2992059750,99.00,100.50,98.80,100.50,+1.50,7304,1
102/03/28,29558310,2945126900,100.00,100.50,99.30,100.00,-0.50,7232,0
102/03/29,19003253,1907250000,100.00,101.00,99.80,100.50,+0.50,5024,1
102/04/01,16374716,1657592413,101.00,102.00,100.50,101.00,+0.50,4450,1
102/04/02,22334113,2242499100,100.50,101.00,99.80,100.50,-0.50,6500,0
102/04/03,27097381,2731161500,101.50,101.50,100.00,100.50,0.00,6886,0
102/04/08,58367917,5768632279,99.00,99.50,98.50,98.50,-2.00,11496,0
102/04/09,41316418,4045349536,98.00,98.50,97.50,97.50,-1.00,10389,0
102/04/10,36746778,3604766222,98.80,98.80,97.70,98.30,+0.80,7197,1
102/04/11,57867486,5799700086,99.00,101.50,98.80,101.50,+3.20,12430,1
102/04/12,19568004,1968624772,101.50,101.50,100.00,100.50,-1.00,5602,0
102/04/15,23440616,2343267705,100.50,101.00,99.10,99.40,-1.10,6275,0
102/04/16,35918924,3576311040,98.20,101.00,98.20,100.50,+1.10,8309,1
102/04/17,35897101,3598786346,101.50,101.50,99.70,100.00,-0.50,7663,0
102/04/18,33083804,3316064572,100.00,101.00,99.40,99.90,-0.10,7209,0
102/04/19,66950314,7110036743,105.50,106.50,105.50,106.50,+6.60,15197,1
102/04/22,72502228,7859371624,108.50,109.50,107.50,108.50,+2.00,16146,1
102/04/23,46146072,4903358892,106.50,107.50,105.50,106.00,-2.50,10405,0
102/04/24,35495750,3753132000,106.50,107.00,104.50,106.00,0.00,10908,0
102/04/25,26287666,2792181370,106.00,107.00,105.50,107.00,+1.00,7044,1
102/04/26,36776724,3975714992,107.00,109.00,107.00,108.50,+1.50,11735,1
102/04/29,21092377,2279129984,108.50,108.50,107.50,108.00,-0.50,6502,0
102/04/30,34612725,3772841445,108.50,109.50,108.50,109.50,+1.50,10732,1
102/05/02,38796887,4272592070,110.00,111.00,109.00,110.50,+1.00,10471,1
102/05/03,36621737,4072080617,111.50,112.50,110.00,110.00,-0.50,9832,0
102/05/06,19393798,2156914078,111.50,111.50,110.50,111.50,+1.50,6706,1
102/05/07,22448180,2521248290,112.00,113.00,111.00,112.50,+1.00,7353,1
102/05/08,42509709,4842348356,112.50,115.00,112.50,114.50,+2.00,11870,1
102/05/09,27606177,3186565567,116.00,116.00,114.50,115.00,+0.50,9101,1
102/05/10,27536736,3146083904,115.00,115.00,113.50,114.50,-0.50,7521,0
102/05/13,18263266,2094696397,115.00,115.50,114.00,114.50,0.00,3993,0
102/05/14,27855127,3224146605,115.50,116.50,115.00,115.50,+1.00,7881,1
102/05/15,29107560,3338273993,115.00,116.00,113.50,115.00,-0.50,6849,0
102/05/16,45770439,5227824787,115.00,116.00,113.00,113.50,-1.50,10033,0
102/05/17,19316452,2177150076,112.00,113.50,111.50,113.50,0.00,6145,0
102/05/20,16882054,1911454937,112.50,114.00,112.50,114.00,+0.50,4897,1
102/05/21,17238193,1941365116,113.00,113.50,112.00,112.50,-1.50,5038,0
102/05/22,34068421,3821447086,112.50,113.50,111.00,112.00,-0.50,8462,0
102/05/23,46874809,5132481372,110.50,111.50,108.00,108.00,-4.00,12254,0
102/05/24,26736102,2929037118,109.50,110.50,108.50,109.50,+1.50,7786,1
102/05/27,19161396,2129098594,109.50,112.00,109.50,112.00,+2.50,6339,1
102/05/28,22762131,2520915219,112.00,112.50,109.50,109.50,-2.50,5944,0
102/05/29,16781832,1865802389,110.50,112.00,110.50,111.00,+1.50,4809,1
102/05/30,36121568,3987922980,111.00,111.50,109.50,110.00,-1.00,6534,0
102/05/31,37205933,4086301119,111.50,111.50,109.00,109.50,-0.50,7620,0
102/06/03,35834419,3858216000,108.00,108.50,106.50,107.50,-2.00,9111,0
102/06/04,27476915,2987301735,109.00,110.00,107.50,109.00,+1.50,6964,1
102/06/05,25581235,2802975365,109.50,110.50,108.50,109.50,+0.50,4331,1
102/06/06,34251239,3696663148,108.50,109.50,107.00,107.50,-2.00,8225,0
102/06/07,33085685,3599966794,108.00,109.50,108.00,108.50,+1.00,9288,1
102/06/10,21941087,2389739825,110.00,110.00,108.00,108.50,0.00,5544,0
102/06/11,37162875,4039110540,110.00,110.00,108.00,108.00,-0.50,7971,0
102/06/13,61059253,6426059165,106.00,107.00,104.00,104.50,-3.50,15038,0
102/06/14,41207256,4344673136,105.00,106.00,104.50,106.00,+1.50,8686,1
102/06/17,23014898,2427943688,105.50,106.00,105.00,106.00,0.00,7015,0
102/06/18,31676097,3345414299,105.00,106.50,104.50,106.50,+0.50,6753,1
102/06/19,22084611,2334582437,106.00,106.50,105.00,105.50,-1.00,5112,0
102/06/20,29998376,3129908604,105.00,105.50,103.50,104.00,-1.50,8257,0
102/06/21,39844187,4087505319,102.00,103.50,101.50,103.50,-0.50,8632,0
102/06/24,54091378,5489104333,102.50,102.50,100.00,101.00,-2.50,12255,0
102/06/25,33897665,3438163165,101.00,103.00,101.00,101.00,0.00,8672,0
102/06/26,55865189,5734087278,103.00,104.00,101.50,101.50,+0.50,12682,1
102/06/27,46982476,4874831619,103.00,105.00,103.00,104.50,+3.00,12441,1
102/06/28,74514857,8058161932,106.00,111.00,105.00,111.00,+6.50,15111,1
102/07/01,51935015,5643988850,109.00,109.50,108.00,108.00,-3.00,14947,0
102/07/02,44982283,4926391907,109.00,110.00,108.50,110.00,+2.00,12114,1
102/07/03,44740088,4763771416,107.00,107.00,105.50,107.00,X0.00,11083,0
102/07/04,24500705,2612823435,106.50,107.00,106.00,107.00,0.00,7185,0
102/07/05,28276621,3076586844,107.50,109.50,107.00,109.00,+2.00,8054,1
102/07/08,32770668,3465016640,107.00,108.00,104.50,105.00,-4.00,8927,0
102/07/09,35511970,3723458270,104.50,106.50,103.50,106.00,+1.00,7985,1
102/07/10,22082402,2339157112,104.50,107.00,104.50,106.00,0.00,6180,0
102/07/11,56918428,6191867732,107.50,109.50,107.50,109.50,+3.50,13597,1
102/07/12,31046000,3400554500,109.50,110.00,108.50,110.00,+0.50,8347,1
102/07/15,33373340,3638316428,108.50,109.50,108.00,109.50,-0.50,7527,0
102/07/16,35961041,3873701928,108.50,109.00,107.00,108.00,-1.50,7121,0
102/07/17,40121705,4346512130,108.00,109.00,107.00,109.00,+1.00,7538,1
102/07/18,53223397,5664708225,107.50,108.00,105.50,105.50,-3.50,10862,0
102/07/19,123330486,12202689402,99.40,99.70,98.20,98.20,-7.30,33783,0
102/07/22,88048437,8606772405,98.00,98.40,96.90,97.00,-1.20,23948,0
102/07/23,85595131,8570434000,98.50,101.50,98.50,100.00,+3.00,20652,1
102/07/24,58355933,5938843166,100.50,103.00,100.00,102.00,+2.00,13201,1
102/07/25,37559307,3849460654,102.00,103.50,101.00,102.50,+0.50,9555,1
102/07/26,31817666,3249114932,103.00,103.00,101.00,102.50,0.00,7680,0
102/07/29,38334123,3858681300,100.00,101.50,100.00,100.00,-2.50,9559,0
102/07/30,33871602,3442691070,100.50,102.50,100.50,102.00,+2.00,8756,1
102/07/31,36997795,3780910590,101.50,103.00,101.00,102.50,+0.50,7128,1
102/08/01,32509794,3285635040,102.00,102.00,100.00,100.50,-2.00,7756,0
102/08/02,28039940,2845200929,102.50,103.00,100.00,100.50,0.00,7866,0
102/08/05,23372612,2349053712,100.00,101.50,99.90,100.50,0.00,6400,0
102/08/06,42787275,4242132263,100.50,100.50,98.60,98.80,-1.70,13012,0
102/08/07,45969616,4484924070,98.50,98.50,97.00,97.00,-1.80,15082,0
102/08/08,55873275,5383171749,96.00,97.10,95.30,96.40,-0.60,14412,0
102/08/09,47192333,4585250023,100.00,100.00,96.40,96.40,0.00,13162,0
102/08/12,33454945,3215945925,96.40,96.70,95.60,96.00,-0.40,10395,0
102/08/13,34392082,3332838031,96.00,97.40,96.00,97.20,+1.20,9192,1
102/08/14,44023158,4245439666,96.00,97.30,95.80,96.80,-0.40,9471,0
102/08/15,42687594,4096103714,96.40,96.40,95.30,96.00,-0.80,13251,0
102/08/16,37698875,3632993006,95.40,97.50,95.20,96.50,+0.50,11061,1
102/08/19,52061061,4975788608,95.50,96.10,95.30,95.50,-1.00,11661,0
102/08/20,42471292,4029465558,95.20,95.40,94.40,94.40,-1.10,13924,0
102/08/22,60311712,5666452853,93.00,94.90,92.90,94.50,+0.10,15238,1
102/08/23,44454018,4301442889,95.70,97.30,95.50,97.00,+2.50,12547,1
102/08/26,18698683,1810213458,97.60,97.60,96.10,96.80,-0.20,6745,0
102/08/27,24474640,2352807871,96.00,96.80,95.60,95.60,-1.20,7827,0
102/08/28,35977333,3476155213,95.60,97.30,95.10,96.80,+1.20,10927,1
102/08/29,52396628,5026886622,96.90,98.90,96.90,98.70,+1.90,11284,1
102/08/30,38965628,3890537600,99.60,100.50,98.80,100.50,+1.80,11441,1
102/09/02,30859517,3120032522,100.00,102.00,99.60,102.00,+1.50,10416,1
102/09/03,33838396,3462383175,103.00,103.00,101.50,102.00,0.00,10651,0
102/09/04,25229190,2540221572,100.50,101.50,100.00,100.50,-1.50,8405,0
102/09/05,35890329,3625656509,100.50,101.50,100.00,101.50,+1.00,6991,1
102/09/06,25342215,2577284287,102.00,102.00,101.00,102.00,+0.50,6824,1
102/09/09,33083237,3384738473,102.50,103.00,101.00,103.00,+1.00,9300,1
102/09/10,37392161,3877481244,103.00,104.50,102.50,104.50,+1.50,10178,1
102/09/11,41349427,4301437408,103.00,104.50,102.50,104.50,0.00,8961,0
102/09/12,32865283,3411851649,103.00,104.50,103.00,103.50,-1.00,7435,0
102/09/13,23635017,2423125734,102.50,103.00,102.00,102.50,-1.00,6354,0
102/09/14,5222316,537513232,102.50,103.50,102.00,102.50,0.00,2440,0
102/09/16,40693136,4271620780,104.00,105.50,104.00,105.50,+3.00,12903,1
102/09/17,25467674,2678016770,105.50,105.50,104.50,105.50,0.00,5644,0
102/09/18,34987213,3638209439,105.00,105.50,103.00,103.00,-2.50,5930,0
102/09/23,57281171,5999783595,103.00,106.00,102.50,105.50,+2.50,11435,1
102/09/24,28676262,3010502846,105.00,105.50,104.00,105.00,-0.50,6370,0
102/09/25,35289731,3646816293,104.50,104.50,103.00,103.00,-2.00,9153,0
102/09/26,23059548,2360281896,103.50,103.50,101.50,101.50,-1.50,5431,0
102/09/27,26663268,2741683791,103.50,103.50,102.00,103.00,+1.50,5626,1
102/09/30,46224704,4656013654,100.50,102.00,100.00,100.50,-2.50,11263,0
102/10/01,22927118,2325091268,100.50,102.50,100.50,101.50,+1.00,5825,1
102/10/02,14707576,1512762735,103.50,103.50,102.00,103.00,+1.50,5617,1
102/10/03,50840661,5340048052,103.50,106.00,103.00,105.00,+2.00,14268,1
102/10/04,21986837,2291309445,104.50,105.00,103.50,104.00,-1.00,5554,0
102/10/07,24399946,2513633238,103.50,104.00,102.00,103.00,-1.00,5290,0
102/10/08,35150548,3674048146,103.50,105.50,103.00,105.00,+2.00,5955,1
102/10/09,26186338,2740679712,104.00,105.50,103.00,105.00,0.00,5570,0
102/10/11,59435121,6324314706,105.00,107.50,105.00,106.50,+1.50,14696,1
102/10/14,18800943,1986474649,106.50,106.50,105.00,105.00,-1.50,5172,0
102/10/15,21681637,2311916289,106.50,107.00,106.00,107.00,+2.00,5043,1
102/10/16,19077342,2035487538,108.00,108.00,106.00,106.00,-1.00,5610,0
102/10/17,28186591,3025093891,107.50,108.00,107.00,107.00,+1.00,7058,1
102/10/18,60125471,6569127705,108.50,110.00,108.50,110.00,+3.00,16771,1
102/10/21,41327324,4564211140,111.00,111.50,109.50,110.00,0.00,9241,0
102/10/22,39837171,4417862980,110.00,111.50,109.50,111.50,+1.50,8828,1
102/10/23,23057730,2551942600,111.00,111.50,110.00,111.00,-0.50,5675,0
102/10/24,21570336,2359165210,109.00,110.00,108.50,110.00,-1.00,7246,0
102/10/25,37244499,4000380973,108.50,109.00,106.50,107.00,-3.00,11658,0
102/10/28,21241672,2317241248,108.00,109.50,107.50,109.50,+2.50,5634,1
102/10/29,21531323,2344396207,108.50,109.50,108.00,109.50,0.00,4061,0
102/10/30,16768421,1836449949,109.00,110.00,109.00,110.00,+0.50,4443,1
102/10/31,23098870,2520404080,108.50,109.50,108.00,109.50,-0.50,4626,0
102/11/01,10870454,1190799986,110.50,110.50,108.50,109.50,0.00,3795,0
102/11/04,9642456,1047704248,108.00,109.00,108.00,109.00,-0.50,4622,0
102/11/05,21861325,2348231599,108.50,109.00,106.50,106.50,-2.50,6414,0
102/11/06,17440575,1865571385,106.50,107.50,106.50,107.00,+0.50,7155,1
102/11/07,15944496,1700975572,107.00,107.50,106.00,107.00,0.00,5026,0
102/11/08,31481367,3333228352,105.00,106.50,105.00,106.00,-1.00,7421,0
102/11/11,21491766,2253064518,105.00,106.00,104.50,104.50,-1.50,8709,0
102/11/12,31992852,3363418490,106.00,106.00,104.50,105.00,+0.50,6868,1
102/11/13,26708973,2772020219,105.00,105.00,103.00,103.00,-2.00,8182,0
102/11/14,29933608,3113410393,104.00,104.50,103.50,103.50,+0.50,7251,1
102/11/15,19904673,2068729812,103.50,104.50,103.50,104.00,+0.50,5083,1
102/11/18,25297464,2641543756,104.50,105.00,104.00,104.00,0.00,6957,0
102/11/19,34510121,3613948121,104.50,105.50,104.00,105.00,+1.00,8014,1
102/11/20,46675350,4813555110,104.00,104.00,102.50,103.00,-2.00,10990,0
102/11/21,57002648,5764943473,102.00,103.00,100.50,101.00,-2.00,14431,0
102/11/22,57158109,5760006926,100.00,101.50,100.00,100.00,-1.00,13182,0
102/11/25,30949392,3142230092,101.00,102.50,101.00,101.00,+1.00,7929,1
102/11/26,47194676,4885738532,102.00,105.00,101.50,103.50,+2.50,11490,1
102/11/27,22853577,2391973585,105.00,105.50,104.50,105.00,+1.50,6528,1
102/11/28,22995978,2413773679,105.00,105.50,104.50,105.00,0.00,6169,0
102/11/29,34465306,3609926445,104.50,105.00,104.00,105.00,0.00,5923,0
102/12/02,19042556,1994578324,105.00,105.50,104.00,104.50,-0.50,4418,0
102/12/03,26811219,2795162276,104.00,105.00,103.50,104.00,-0.50,4779,0
102/12/04,23630506,2477199932,103.50,105.50,103.50,105.00,+1.00,5304,1
102/12/05,25209310,2621454740,105.00,105.00,103.50,104.00,-1.00,5844,0
102/12/06,25358888,2629648379,103.00,104.50,103.00,103.00,-1.00,5835,0
102/12/09,23971547,2508093125,104.00,105.00,104.00,105.00,+2.00,5324,1
102/12/10,22935827,2395317608,104.50,105.00,104.00,104.00,-1.00,4643,0
102/12/11,24614282,2572981941,103.50,105.00,103.50,105.00,+1.00,7385,1
102/12/12,18536758,1918939414,104.50,104.50,103.00,103.00,-2.00,5445,0
102/12/13,28297055,2910409165,102.50,103.50,102.50,102.50,-0.50,7034,0
102/12/16,18772079,1920338558,102.50,103.00,102.00,102.00,-0.50,6032,0
102/12/17,26232839,2719517917,103.00,104.50,103.00,103.50,+1.50,6356,1
102/12/18,66102080,6714534840,102.50,103.00,101.00,101.00,-2.50,15072,0
102/12/19,27824774,2839659307,102.00,103.00,101.50,102.50,+1.50,6192,1
102/12/20,37618688,3848115676,101.50,103.50,101.50,102.00,-0.50,8353,0
102/12/23,28393645,2950613229,103.00,104.50,103.00,104.00,+2.00,6994,1
102/12/24,14079188,1454251243,104.00,104.00,103.00,103.00,-1.00,3724,0
102/12/25,9789067,1008674401,102.50,103.50,102.50,103.00,0.00,2848,0
102/12/26,6793911,704185262,103.00,104.00,103.00,104.00,+1.00,1135,1
102/12/27,24135217,2507210568,103.50,104.50,103.00,104.50,+0.50,5626,1
102/12/30,44280098,4659244781,104.00,106.00,104.00,106.00,+1.50,10564,1
102/12/31,24484653,2582678065,105.50,106.00,105.00,105.50,-0.50,6632,0
103/01/02,15133724,1578860796,105.00,105.50,103.50,104.50,-1.00,4136,0
103/01/03,41160529,4220062918,103.00,103.00,102.00,102.50,-2.00,8524,0
103/01/06,23729719,2432745661,102.00,103.00,102.00,102.50,0.00,4874,0
103/01/07,18803694,1907188388,102.50,103.00,102.00,102.00,-0.50,5529,0
103/01/08,30933475,3209563219,103.00,104.50,102.50,104.00,+2.00,7305,1
103/01/09,64221769,6522626520,102.50,103.00,100.50,101.00,-3.00,19873,0
103/01/10,36289948,3703540624,102.00,102.50,101.50,102.00,+1.00,7619,1
103/01/13,22080716,2273073754,103.00,103.50,102.50,103.00,+1.00,6282,1
103/01/14,21718294,2237629782,102.50,103.50,102.00,103.50,+0.50,5256,1
103/01/15,54458036,5722578780,104.00,106.00,104.00,105.00,+1.50,15415,1
103/01/16,49601100,5301040094,106.00,107.50,106.00,107.00,+2.00,16279,1
103/01/17,55767194,6014453565,108.00,108.50,107.00,107.50,+0.50,15038,1
103/01/20,24299123,2622482683,107.00,108.50,107.00,107.50,0.00,8533,0
103/01/21,25121036,2695028292,108.50,108.50,106.00,106.50,-1.00,6334,0
103/01/22,28726849,3065077343,106.00,107.50,106.00,107.50,+1.00,7549,1
103/01/23,28308805,3055374935,108.50,108.50,107.50,107.50,0.00,7461,0
103/01/24,34059356,3671261247,107.00,108.50,107.00,108.00,+0.50,8172,1
103/01/27,65271057,6848753986,106.00,106.50,104.00,105.00,-3.00,17118,0
103/02/05,147198405,14922299001,102.00,102.00,100.50,100.50,-4.50,37866,0
103/02/06,73840243,7540841366,101.00,103.00,101.00,102.00,+1.50,16321,1
103/02/07,54185812,5628604948,103.50,104.50,103.00,104.00,+2.00,14854,1
103/02/10,26243521,2725145903,104.00,104.50,103.00,103.00,-1.00,7897,0
103/02/11,23523880,2436083720,104.50,105.00,104.00,104.50,+1.50,6947,1
103/02/12,25305882,2661441170,105.00,105.50,104.50,105.00,+0.50,7138,1
103/02/13,19625423,2067832915,105.00,106.00,105.00,105.00,0.00,5781,0
103/02/14,42737744,4578772108,106.50,107.50,106.50,107.50,+2.50,14580,1
103/02/17,34368373,3714458464,108.00,108.50,107.50,108.50,+1.00,11664,1
103/02/18,22289965,2403989204,108.50,108.50,107.50,108.00,-0.50,5778,0
103/02/19,28886535,3102602484,108.00,108.00,107.00,108.00,0.00,7006,0
103/02/20,28469515,3029358090,106.50,107.00,106.00,106.50,-1.50,6646,0
103/02/21,31505340,3381313380,107.00,107.50,107.00,107.50,+1.00,7819,1
103/02/24,32057819,3435891697,107.50,108.00,106.00,107.00,-0.50,6992,0
103/02/25,34350129,3685266810,107.50,108.00,106.50,108.00,+1.00,6570,1
103/02/26,34982996,3762870072,107.50,108.00,107.00,107.50,-0.50,5182,0
103/02/27,49352141,5323712132,107.50,108.00,107.50,108.00,+0.50,7531,1
103/03/03,62467129,6706761665,108.00,108.00,106.50,108.00,0.00,10046,0
103/03/04,48939593,5273707058,108.00,108.00,107.50,107.50,-0.50,9493,0
103/03/05,55447701,6074004809,108.50,110.00,108.50,110.00,+2.50,16511,1
103/03/06,72622868,8142187484,110.00,113.50,110.00,113.00,+3.00,18144,1
103/03/07,66916749,7649451186,114.00,115.00,113.50,114.50,+1.50,17219,1
103/03/10,38430338,4354521623,114.50,114.50,112.50,113.00,-1.50,9237,0
103/03/11,29182885,3324036739,113.50,114.50,113.50,114.00,+1.00,9133,1
103/03/12,18414771,2073574352,112.50,113.00,112.00,113.00,-1.00,5218,0
103/03/13,59080824,6890677534,116.50,117.50,115.50,116.50,+3.50,16969,1
103/03/14,47105032,5396134366,115.00,115.50,114.00,115.00,-1.50,12132,0
103/03/17,33910334,3854652365,114.50,115.00,113.00,114.00,-1.00,8995,0
103/03/18,37517456,4285097984,114.50,115.00,113.50,114.50,+0.50,7396,1
103/03/19,35237094,4023833316,114.50,115.00,113.50,114.50,0.00,6589,0
103/03/20,46512209,5232891154,113.00,113.50,112.00,112.00,-2.50,13078,0
103/03/21,60438012,6807696918,114.00,114.00,112.00,112.50,+0.50,7294,1
103/03/24,29607569,3320400583,111.50,112.50,111.50,112.50,0.00,7098,0
103/03/25,38070794,4291636589,111.50,113.50,111.50,113.50,+1.00,6933,1
103/03/26,45234160,5211750315,115.50,116.00,114.50,115.50,+2.00,12860,1
103/03/27,31399282,3609273026,114.50,116.00,114.00,116.00,+0.50,8641,1
103/03/28,43794489,5107684713,116.00,117.50,115.50,117.50,+1.50,12521,1
103/03/31,47146441,5550959038,118.00,118.50,116.50,118.50,+1.00,8839,1
103/04/01,40636462,4834224978,119.00,119.50,118.50,119.50,+1.00,12571,1
103/04/02,43684651,5238971816,120.50,121.00,119.00,120.00,+0.50,9400,1
103/04/03,37000420,4374998060,118.50,119.00,117.50,118.50,-1.50,10198,0
103/04/07,45254843,5305535631,117.50,118.00,116.50,117.50,-1.00,11316,0
103/04/08,43894168,5173993549,117.00,119.50,117.00,119.00,+1.50,9396,1
103/04/09,29648114,3548296766,119.50,120.00,119.00,119.00,0.00,8284,0
103/04/10,27215773,3243663187,119.00,119.50,118.50,119.50,+0.50,7229,1
103/04/11,34847792,4153152840,118.50,120.00,118.00,120.00,+0.50,7639,1
103/04/14,31053034,3738450410,120.00,121.00,120.00,120.50,+0.50,8739,1
103/04/15,29397114,3579955408,121.50,122.50,121.00,122.50,+2.00,9839,1
103/04/16,51075652,6208178396,121.50,122.50,121.00,121.00,-1.50,10989,0
103/04/17,36418501,4374322920,120.50,121.50,119.00,120.00,-1.00,9152,0
103/04/18,32921335,4023630870,122.50,123.00,121.00,123.00,+3.00,9515,1
103/04/21,24162522,2938646120,122.00,122.00,121.00,121.50,-1.50,5868,0
103/04/22,27034052,3282075077,121.00,122.50,120.50,121.50,0.00,5886,0
103/04/23,34358023,4181126643,123.00,123.00,120.50,121.00,-0.50,8145,0
103/04/24,25524592,3080805399,121.00,121.00,120.00,121.00,0.00,6289,0
103/04/25,49438252,5889185811,121.00,121.00,118.00,118.50,-2.50,11457,0
103/04/28,28068430,3344699670,118.50,120.00,117.50,119.00,+0.50,7030,1
103/04/29,21811790,2618945800,120.50,121.00,119.00,120.50,+1.50,4991,1
103/04/30,44124133,5237519729,120.00,120.50,117.00,118.50,-2.00,9169,0
103/05/02,45030119,5324516642,119.00,119.50,117.00,118.00,-0.50,9573,0
103/05/05,28887828,3374584476,117.50,118.00,116.00,117.00,-1.00,8961,0
103/05/06,27525257,3247099826,117.00,119.00,116.50,118.00,+1.00,5217,1
103/05/07,33276563,3931216686,118.00,119.00,117.50,118.50,+0.50,6945,1
103/05/08,30096125,3594265403,119.50,120.00,119.00,119.50,+1.00,5599,1
103/05/09,23287585,2785144700,120.00,120.00,119.00,120.00,+0.50,6405,1
103/05/12,37048901,4390300238,119.50,120.00,117.50,118.50,-1.50,6664,0
103/05/13,24046010,2894574200,120.00,121.00,119.50,120.50,+2.00,7767,1
103/05/14,32903344,3991162751,121.00,122.00,120.50,122.00,+1.50,9719,1
103/05/15,16813508,2040805195,121.00,122.00,120.50,122.00,0.00,5040,0
103/05/16,28679719,3497688718,122.00,123.00,121.00,122.00,0.00,7047,0
103/05/19,20829956,2524459168,122.00,122.50,121.00,121.00,-1.00,5325,0
103/05/20,25402168,3088614323,122.00,122.00,121.00,121.00,0.00,7109,0
103/05/21,24218702,2935442563,122.00,122.00,120.50,120.50,-0.50,6337,0
103/05/22,26336625,3198768892,121.50,122.00,121.00,122.00,+1.50,5227,1
103/05/23,31778175,3866486107,121.00,122.50,121.00,122.00,0.00,6260,0
103/05/26,19854258,2439783565,123.00,123.50,122.00,123.00,+1.00,7319,1
103/05/27,18301066,2259936878,122.50,124.00,122.50,123.50,+0.50,6092,1
103/05/28,37799997,4658742565,124.00,124.00,122.50,124.00,+0.50,8443,1
103/05/29,43079080,5267063156,123.50,124.00,121.50,122.00,-2.00,9131,0
103/05/30,69113681,8318164317,122.00,122.50,119.50,119.50,-2.50,10342,0
103/06/03,40522053,4915125996,120.00,122.50,120.00,122.50,+3.00,10640,1
103/06/04,33486050,4136552150,123.50,124.00,123.00,123.50,+1.00,8162,1
103/06/05,19558349,2397329714,123.00,123.50,121.50,123.00,-0.50,4842,0
103/06/06,19282324,2364596528,123.50,123.50,122.00,122.50,-0.50,4910,0
103/06/09,19730824,2424539886,122.50,123.50,122.50,123.00,+0.50,5157,1
103/06/10,26661384,3298134327,123.00,124.50,122.50,124.50,+1.50,6557,1
103/06/11,27990426,3479529424,124.00,125.00,123.50,125.00,+0.50,6589,1
103/06/12,22300962,2755883265,124.00,124.00,123.00,123.50,-1.50,5812,0
103/06/13,17197521,2117623583,123.00,123.50,122.50,123.00,-0.50,4424,0
103/06/16,13737288,1691353424,122.50,124.00,122.50,124.00,+1.00,5010,1
103/06/17,20568681,2557854737,124.00,125.00,123.00,125.00,+1.00,6971,1
103/06/18,38103408,4778941290,125.00,126.50,124.00,125.50,+0.50,8642,1
103/06/19,25211563,3163386515,124.50,126.00,124.50,126.00,+0.50,5043,1
103/06/20,31589978,3951298152,126.50,127.00,124.00,124.50,-1.50,5267,0
103/06/23,25147462,3108562826,125.00,125.50,123.00,123.00,-1.50,6320,0
103/06/24,36234466,4451530440,123.00,123.50,122.00,123.00,0.00,8507,0
103/06/25,31028964,3835858072,123.00,124.50,123.00,123.50,+0.50,7395,1
103/06/26,33938460,4216435800,124.50,125.00,123.50,124.50,+1.00,5578,1
103/06/27,44450355,5576193375,125.00,126.50,124.00,125.50,+1.00,9021,1
103/06/30,38191504,4827284804,126.00,127.00,125.00,126.50,+1.00,7469,1
103/07/01,33022537,4220113199,126.50,128.50,126.00,128.00,+1.50,7806,1
103/07/02,51623745,6784671858,129.50,132.50,129.00,132.50,+4.50,13133,1
103/07/03,41188579,5481357096,131.50,135.00,130.50,134.50,+2.00,12822,1
103/07/04,44516194,5982542686,133.50,136.00,132.00,135.00,+0.50,13513,1
103/07/07,32207808,4359167895,134.50,136.00,132.50,136.00,+1.00,10456,1
103/07/08,36299510,4898844484,135.50,136.00,134.00,134.50,-1.50,7852,0
103/07/09,39336800,5286821200,133.50,135.00,133.50,134.00,-0.50,10775,0
103/07/10,51132233,6904690475,134.50,136.00,134.50,134.50,+0.50,9008,1
103/07/11,43513681,5946107116,136.00,138.00,135.50,136.50,+2.00,11824,1
103/07/14,46818367,6256723781,134.50,134.50,132.50,132.50,X0.00,14589,0
103/07/15,37976398,5061898434,133.00,134.00,132.50,133.00,+0.50,8483,1
103/07/16,42072768,5539818008,133.00,133.50,130.00,130.50,-2.50,10001,0
103/07/17,138665459,17243062335,125.00,125.50,123.00,124.50,-6.00,34866,0
103/07/18,97366229,11985660029,121.50,124.00,121.50,123.50,-1.00,21786,0
103/07/21,58994337,7298292910,124.00,124.50,122.50,123.50,0.00,15070,0
103/07/22,53307488,6611629704,123.50,125.00,122.50,124.50,+1.00,12061,1
103/07/24,66041379,8233198975,124.50,125.00,124.00,125.00,+0.50,12534,1
103/07/25,31609284,3901955314,124.50,125.00,122.50,123.00,-2.00,11359,0
103/07/28,43514580,5296514760,122.00,122.50,121.00,121.50,-1.50,13121,0
103/07/29,40749556,5009947804,122.50,124.00,122.00,124.00,+2.50,11381,1
103/07/30,32428969,4031742597,123.50,125.00,123.00,124.50,+0.50,7029,1
103/07/31,44806071,5461570662,124.00,124.00,121.00,121.00,-3.50,13163,0
103/08/01,61873796,7431852976,120.00,121.00,119.50,120.00,-1.00,13006,0
103/08/04,39730078,4849122094,120.00,123.50,120.00,123.50,+3.50,8471,1
103/08/05,61536941,7427621354,122.50,122.50,119.50,119.50,-4.00,15190,0
103/08/06,38043400,4574500402,119.00,121.50,119.00,120.50,+1.00,9762,1
103/08/07,30079734,3630553139,120.50,121.50,119.50,121.50,+1.00,8143,1
103/08/08,35170150,4226147039,120.50,121.00,119.50,120.50,-1.00,7307,0
103/08/11,42993969,5176984237,120.00,121.00,119.50,120.50,0.00,10623,0
103/08/12,32278863,3916887825,121.00,122.00,120.50,121.50,+1.00,7524,1
103/08/13,39837469,4865692921,121.00,123.50,120.50,122.50,+1.00,8735,1
103/08/14,32955917,4076947208,123.50,124.00,123.00,124.00,+1.50,9499,1
103/08/15,19189066,2379577684,124.50,125.00,123.00,124.00,0.00,4823,0
103/08/18,14766724,1822155852,124.00,124.00,122.50,123.00,-1.00,3958,0
103/08/19,31922961,3971298664,124.00,125.00,123.50,124.00,+1.00,8062,1
103/08/20,28975007,3630457375,125.00,125.50,124.50,125.50,+1.50,9137,1
103/08/21,23089886,2874689300,126.00,126.00,124.00,124.50,-1.00,7165,0
103/08/22,42775096,5361134500,124.50,126.00,123.50,125.50,+1.00,10719,1
103/08/25,21107047,2644467685,125.50,126.00,125.00,125.00,-0.50,5152,0
103/08/26,30428415,3799853140,125.00,125.50,124.00,124.50,-0.50,6140,0
103/08/27,36839048,4624363500,125.50,126.00,124.50,125.50,+1.00,8829,1
103/08/28,21759522,2719379450,126.00,126.00,124.50,125.00,-0.50,5251,0
103/08/29,28358752,3524840748,124.50,125.00,124.00,124.00,-1.00,4468,0
103/09/01,37523903,4781100964,125.00,128.50,125.00,128.50,+4.50,13072,1
103/09/02,20057329,2537914440,128.00,128.00,125.50,126.00,-2.50,6797,0
103/09/03,24642146,3130801079,127.00,128.00,125.50,128.00,+2.00,7148,1
103/09/04,22110294,2807139114,128.00,128.00,126.00,127.50,-0.50,6492,0
103/09/05,20128089,2547458803,128.50,128.50,125.50,127.00,-0.50,6377,0
103/09/09,24359374,3094467478,127.50,127.50,126.50,127.00,0.00,5122,0
103/09/10,29718910,3704045310,126.00,126.00,124.00,125.00,-2.00,9929,0
103/09/11,24328911,3053093835,126.00,126.00,125.00,125.00,0.00,9292,0
103/09/12,20299517,2511970309,124.50,125.00,123.00,123.00,-2.00,7012,0
103/09/15,19643901,2412393245,122.50,123.50,122.00,123.50,+0.50,5926,1
103/09/16,19248402,2362531446,123.00,123.00,122.00,122.50,-1.00,4550,0
103/09/17,24018511,2981376096,123.50,125.00,123.00,124.50,+2.00,6056,1
103/09/18,14791473,1842073367,124.50,125.00,123.50,125.00,+0.50,3768,1
103/09/19,30781855,3855838875,125.50,126.00,125.00,125.00,0.00,6541,0
103/09/22,40658970,4980563150,124.00,124.00,122.00,122.00,-3.00,12386,0
103/09/23,16208733,1988554659,123.00,123.50,122.00,122.50,+0.50,4520,1
103/09/24,28552866,3506255498,122.00,124.00,122.00,123.00,+0.50,8362,1
103/09/25,23840728,2918138416,123.00,124.00,121.50,122.00,-1.00,7472,0
103/09/26,25408337,3076869614,121.00,121.50,120.50,121.00,-1.00,7565,0
103/09/29,55071604,6646680084,122.00,122.00,120.00,120.50,-0.50,8787,0
103/09/30,52027003,6244964032,120.00,121.00,119.00,120.00,-0.50,10098,0
103/10/01,42581377,5158093766,120.00,122.00,120.00,121.50,+1.50,10354,1
103/10/02,30795615,3731056693,121.00,122.50,120.50,121.00,-0.50,7962,0
103/10/03,52042943,6451706432,122.50,125.00,122.00,124.50,+3.50,13294,1
103/10/06,39292993,4917395077,125.00,126.00,124.00,126.00,+1.50,8484,1
103/10/07,40188171,5008511591,125.00,125.50,123.50,125.00,-1.00,9286,0
103/10/08,30938590,3822790343,123.50,125.00,122.50,122.50,-2.50,7052,0
103/10/09,37115519,4618115675,124.00,125.00,123.50,125.00,+2.50,8511,1
103/10/13,77985231,9387511086,119.00,121.50,118.00,120.50,-4.50,17422,0
103/10/14,31887790,3860053450,120.00,121.50,119.50,121.00,+0.50,7721,1
103/10/15,50496268,6152445530,121.50,123.00,121.00,121.50,+0.50,8865,1
103/10/16,46431478,5646852831,121.50,124.00,120.00,121.50,0.00,10408,0
103/10/17,92077567,11471479741,125.00,125.50,123.50,123.50,+2.00,17100,1
103/10/20,38619120,4836985013,125.00,126.00,124.50,126.00,+2.50,10285,1
103/10/21,25647836,3212361500,126.00,126.00,124.50,125.00,-1.00,5980,0
103/10/22,65855978,8448819662,127.50,129.00,127.50,129.00,+4.00,18767,1
103/10/23,28085000,3592328456,128.00,128.50,127.50,127.50,-1.50,7546,0
103/10/24,42161680,5309444319,127.00,127.50,125.00,125.50,-2.00,11207,0
103/10/27,25145300,3198861200,126.50,128.00,126.50,128.00,+2.50,6666,1
103/10/28,35018669,4502178132,129.00,129.50,127.50,128.00,0.00,9193,0
103/10/29,34860584,4492215211,129.00,129.50,128.00,129.00,+1.00,9425,1
103/10/30,35723762,4573685036,128.50,129.00,127.00,128.50,-0.50,6368,0
103/10/31,42413458,5477556934,128.00,130.50,127.50,130.50,+2.00,8496,1
103/11/03,45307093,5946034891,132.00,132.50,130.50,131.00,+0.50,9263,1
103/11/04,32566058,4280472598,132.00,132.00,131.00,132.00,+1.00,8649,1
103/11/05,22638263,2980749040,131.50,132.00,131.00,132.00,0.00,6894,0
103/11/06,28559948,3771103320,132.50,132.50,131.50,132.00,0.00,7600,0
103/11/07,17385452,2278727212,131.50,131.50,130.50,131.00,-1.00,4984,0
103/11/10,43174974,5768165266,132.50,134.50,132.00,134.50,+3.50,14569,1
103/11/11,20484607,2745359989,135.00,135.00,133.00,134.00,-0.50,7515,0
103/11/12,27434390,3631228480,134.50,134.50,131.50,132.00,-2.00,7901,0
103/11/13,25055094,3348488504,133.50,134.50,132.50,134.00,+2.00,6661,1
103/11/14,24361474,3273177648,134.00,135.00,133.50,135.00,+1.00,6351,1
103/11/17,24772760,3304356080,135.00,135.50,132.50,133.00,-2.00,6380,0
103/11/18,43227312,5724652806,134.00,134.50,131.00,131.50,-1.50,7505,0
103/11/19,71400310,9665049850,133.00,136.50,132.50,136.00,+4.50,16907,1
103/11/20,44216108,6111534904,137.50,139.00,137.00,139.00,+3.00,14450,1
103/11/21,30621113,4227656494,139.50,139.50,137.50,138.50,-0.50,10190,0
103/11/24,33408878,4638792664,140.00,140.50,138.00,138.50,0.00,9025,0
103/11/25,42940855,5962095805,138.50,140.00,138.50,139.00,+0.50,9531,1
103/11/26,23201396,3216868544,138.50,139.00,138.00,139.00,0.00,5372,0
103/11/27,26580345,3738733402,140.00,142.00,140.00,140.00,+1.00,9496,1
103/11/28,36077308,5080693933,139.00,141.50,139.00,141.50,+1.50,9303,1
103/12/01,50115832,7018698480,139.00,142.00,138.50,140.00,-1.50,10157,0
103/12/02,54781433,7590847994,139.50,139.50,137.50,137.50,-2.50,10491,0
103/12/03,40184369,5545743422,137.50,139.00,136.50,138.00,+0.50,8120,1
103/12/04,28276455,3935004245,139.00,140.00,138.50,139.00,+1.00,5776,1
103/12/05,29431871,4053430541,138.50,139.50,137.00,137.50,-1.50,9981,0
103/12/08,19854469,2733903222,138.00,138.50,137.00,138.00,+0.50,6184,1
103/12/09,31926886,4410027018,138.00,139.00,137.50,138.00,0.00,6676,0
103/12/10,39845261,5453042098,138.00,139.00,136.00,136.00,-2.00,10748,0
103/12/11,41669260,5634712500,135.00,136.00,134.50,134.50,-1.50,9443,0
103/12/12,31504393,4253680055,135.00,136.00,134.50,135.00,+0.50,7465,1
103/12/15,45196692,6123590832,134.50,136.50,134.50,136.00,+1.00,8533,1
103/12/16,41273420,5519760280,134.50,135.50,133.00,133.00,-3.00,10345,0
103/12/17,84670250,11100215420,133.00,133.00,130.00,130.50,-2.50,18863,0
103/12/18,51896344,6846354408,132.00,133.00,131.00,131.50,+1.00,11210,1
103/12/19,44591655,6082343984,134.50,138.00,134.00,138.00,+6.50,15558,1
103/12/22,34995859,4843397632,137.50,140.00,137.00,138.50,+0.50,9339,1
103/12/23,19157682,2646448245,139.00,140.00,137.00,137.50,-1.00,6678,0
103/12/24,16722021,2300669398,136.00,138.00,136.00,138.00,+0.50,4405,1
103/12/25,7392192,1015532329,137.00,138.00,137.00,137.50,-0.50,1860,0
103/12/26,13183543,1817851477,138.00,139.00,137.00,139.00,+1.50,3404,1
103/12/27,4823202,666171960,139.00,139.00,137.50,138.50,-0.50,1195,0
103/12/29,35075381,4920594840,138.00,141.00,138.00,141.00,+2.50,11085,1
103/12/30,23590171,3300430060,141.00,141.50,139.00,140.00,-1.00,7579,0
103/12/31,18351769,2570413160,139.00,141.00,139.00,141.00,+1.00,5953,1
