X,data,volume,price,open,high,low,close,diff,times,result,K,D,J,rsi10,rsi5,macd,WR5,WR10,Prediction_Result
2650,109/10/22,12966955,412932233,31.8,32.0,31.65,31.630000000000003,0.0,4450,1,54.63033498,49.76657575,40.0390573,55.098788984941926,59.84669936222649,0.1304097786527866,0.0,0.0,1
2651,109/10/23,112571775,3687579531,32.0,33.25,31.85,31.74,1.0499999999999972,38192,1,64.32720006,54.62011719,35.20595144,66.59877070829667,79.93783160960932,0.1509614850196525,0.0,0.0,1
2652,109/10/26,144327238,4844046200,33.35,34.0,32.8,31.985000000000003,1.1000000000000014,49981,0,76.21813337,61.81945592,33.022101,74.21042902044704,87.684553401361,0.1986115002945539,0.0,0.0,1
2653,109/10/27,323190771,11071193379,34.35,35.2,32.9,32.129999999999995,-1.0,102730,1,66.25924339,63.29938507,57.37966845,60.437577073083695,61.69585049380284,0.2443412263343377,-46.51162790697678,-35.087719298245595,1
2654,109/10/28,83058925,2781394137,33.45,33.9,33.1,32.3,0.2999999999999971,28692,0,62.05900779,62.88592598,64.53976236,62.72075612760045,65.38885607640881,0.2906995461863008,-32.55813953488387,-24.561403508772017,1
2655,109/10/29,44950397,1479417838,32.8,33.15,32.6,32.459999999999994,-0.25,16775,0,56.78933852,60.85373016,68.98251343,59.56943948451634,59.63890920453654,0.330370509674885,-86.36363636363652,-33.333333333333414,1
2656,109/10/30,46967022,1526467879,33.0,33.15,32.0,32.545,-1.0499999999999972,17941,0,41.56326272,54.42357435,80.1441976,48.34689530945557,41.32434447034696,0.3462652323205257,-100.0,-86.95652173913041,0
2657,109/11/02,31423790,995903981,32.3,32.5,31.4,32.515,-0.6000000000000014,13585,1,27.70884181,45.5186635,81.13830688,43.22788047204174,34.1360839956396,0.3360623821229094,-100.0,-100.0,0
2658,109/11/03,27542106,876389163,31.75,32.05,31.5,32.515,0.4000000000000021,9257,1,21.98133314,37.67288671,69.05599387,47.3183974689512,42.18192502929587,0.3156527413623884,-78.9473684210525,-84.61538461538454,0
2659,109/11/04,24194417,773137842,32.1,32.2,31.65,32.529999999999994,0.1999999999999993,8850,0,19.91737999,31.75438447,55.42839344,49.32650356234681,46.130311150069794,0.2923870358527651,-63.63636363636353,-76.92307692307688,0
2660,109/11/05,21527517,683958579,31.8,31.95,31.5,32.54,-0.0500000000000007,7414,0,18.10281473,27.20386122,45.40595422,48.81480764401309,45.2042147983626,0.2670867010208967,-8.333333333333432,-78.84615384615384,0
2661,109/11/06,24389544,779304818,32.2,32.35,31.65,32.42,-0.25,8740,1,14.7001221,23.03594818,39.70760035,46.18000388066181,40.34455398236192,0.2372400366995573,-50.0,-88.46153846153844,0
2662,109/11/09,23721906,757148002,32.0,32.1,31.75,32.215,0.25,7700,0,17.13341473,21.06843703,28.93848163,49.196370448011976,47.161067628698106,0.209556318550496,-16.666666666666863,-71.05263157894731,0
2663,109/11/10,24192433,765072473,31.95,32.0,31.4,32.065,-0.4499999999999993,8626,0,13.32703839,18.48797082,28.80983567,44.282356644928406,37.825329131473225,0.1770224109911884,-100.0,-94.73684210526308,0
2664,109/11/11,33873287,1054652875,31.35,31.45,31.0,31.840000000000003,-0.4499999999999993,14582,1,9.659886061,15.5452759,27.31605558,39.89853439082242,30.56480564330456,0.1355710228052265,-100.0,-100.0,0
2665,109/11/12,20934622,652885062,31.25,31.45,31.0,31.65,0.0999999999999978,9879,1,9.773257374,13.62126972,21.31729443,41.31858224828544,33.945873634710935,0.0919897285979351,-88.88888888888911,-89.47368421052653,0
2666,109/11/13,22524566,697358517,31.2,31.35,30.6,31.585,0.2000000000000028,9586,1,20.8012192,16.01458622,6.441320248,44.21815159682328,40.85757005620246,0.05233927400843,-66.66666666666653,-68.42105263157885,0
2667,109/11/16,66051655,2120431672,31.7,32.35,31.55,31.670000000000005,0.8999999999999986,22530,1,45.2960509,25.77507444,-13.26687846,55.18053058120478,62.210252823760726,0.0314708184535504,0.0,0.0,1
2668,109/11/17,151129704,4997572391,32.95,33.95,32.9,31.855,1.3999999999999986,52239,1,60.54562597,37.36525829,-8.995477084,66.45931023302566,77.42464578903756,0.0457329689244947,0.0,0.0,1
2669,109/11/18,109033622,3714936990,33.85,34.4,33.8,32.05,0.3000000000000042,32737,1,69.74971556,48.16007738,4.980801012,68.33744708360187,79.54255129261014,0.0859487472640333,0.0,0.0,1
2670,109/11/19,75870695,2604463015,34.1,34.55,33.95,32.305,0.5499999999999972,23742,1,79.41120278,58.57711918,16.90895198,71.55014187529912,83.0424654808425,0.1489026133865688,0.0,0.0,1
2671,109/11/20,120920835,4269997382,34.8,35.9,34.75,32.66,0.75,44451,1,82.18608487,66.44677441,34.96815348,75.30823047153503,86.75144382011139,0.2344345595230516,0.0,0.0,1
2672,109/11/23,164442147,6045051193,36.0,37.8,35.5,33.135000000000005,1.4500000000000028,58492,0,83.03146399,71.97500427,49.86208483,80.72344586484344,91.21118663323402,0.3522338622023806,0.0,0.0,1
2673,109/11/24,101452226,3721894672,37.55,37.75,35.7,33.575,-0.8000000000000043,38015,1,79.89134636,74.61378497,64.05866217,71.24123458481814,74.5880258316716,0.4705161397545425,-29.090909090909246,-14.1592920353983,1
2674,109/11/25,75864901,2760881759,36.7,37.2,35.5,34.084999999999994,0.25,27375,1,78.95534202,76.06097065,70.27222791,72.35740733698906,76.21366550555368,0.5858167866892107,-25.00000000000016,-9.90990990990998,1
2675,109/11/26,43947038,1591659116,36.35,36.6,35.6,34.61,0.25,16350,1,78.50356135,76.87516755,73.61837996,73.48922454979943,77.90946087718227,0.6958577639122053,-20.68965517241405,-5.607476635514097,1
2676,109/11/27,184917391,7013931949,38.0,38.7,37.1,35.29,1.75,58219,1,82.50812136,78.75281882,71.24221374,79.84391529619053,86.18356769533165,0.8231677795152528,0.0,0.0,1
2677,109/11/30,94713173,3657338211,38.45,39.15,38.05,35.915,0.3500000000000014,33928,1,84.28890333,80.59818032,73.2167343,80.85359121213898,87.32313002848382,0.9583357721351184,0.0,0.0,1
2678,109/12/01,114075510,4474023950,39.5,39.8,38.35,36.510000000000005,1.1000000000000014,41179,1,88.38633442,83.19423169,72.81002623,83.67987978014631,90.33084449116024,1.1067088794609277,0.0,0.0,1
2679,109/12/02,179280231,7356288530,39.95,41.9,39.8,37.28,2.049999999999997,63557,0,91.09205511,85.8268395,75.29640826,87.4712137070218,93.68276657570703,1.285764872703957,0.0,0.0,1
2680,109/12/03,119099141,4927469291,42.55,42.6,40.6,37.940000000000005,-0.5499999999999972,44237,1,87.01911655,86.22426518,84.63456244,81.85897058865903,84.27679902107995,1.4629604463685053,-15.714285714285634,-8.593749999999957,1
2681,109/12/04,182207729,7832717157,41.75,44.25,41.55,38.775,2.5,66046,1,88.86988723,87.1061392,83.57864314,86.26517359554245,89.84059012725385,1.6662527174125754,0.0,0.0,1
2682,109/12/07,160145529,7222837669,45.0,46.9,43.85,39.55,0.8500000000000014,59121,0,85.41618213,86.54282017,88.79609627,87.40893791108384,91.12230193083116,1.8850085025944052,0.0,0.0,1
2683,109/12/08,128621244,5440150970,42.75,43.1,41.5,40.165,-2.4000000000000057,50988,1,75.97067009,83.01877015,97.11497026,69.44704376706716,63.835275963514185,2.059402065157675,-71.64179104477626,-28.915662650602464,1
2684,109/12/09,71558474,3058964502,42.4,43.3,42.25,40.85,0.9500000000000028,28033,0,70.7151406,78.9175603,95.32239969,71.95625566013267,68.33880015957244,2.2073111485774333,-43.283582089552304,-18.012422360248472,1
2685,109/12/10,70029350,2917901105,42.3,42.4,40.6,41.385,-1.25,29401,0,61.07939694,72.97150585,96.75572366,64.31168529157935,57.109701687037486,2.30589270645486,-100.0,-42.85714285714287,1
2686,109/12/11,58679847,2454138844,42.6,42.75,40.7,41.745,0.0,23199,0,53.97495858,66.63932342,91.96805311,64.31168529157935,57.109701687037486,2.363133322880941,-100.0,-45.37815126050423,0
2687,109/12/14,37370105,1554219024,41.8,42.3,40.8,42.04,-0.2999999999999971,17616,0,43.72978459,59.00281048,89.54886225,62.386933305091006,54.040866409799,2.381289206771867,-100.0,-61.85567010309276,0
2688,109/12/15,42878109,1742110297,41.65,41.7,40.05,42.084999999999994,-1.4000000000000057,17332,1,29.15318973,49.0529369,88.85243123,54.07866829878009,41.540484741556064,2.3462321539484186,-100.0,-100.0,0
2689,109/12/16,30186385,1230361501,40.9,41.25,40.35,41.97,0.4500000000000028,12519,1,21.62524084,39.91037155,76.48063295,56.14369605771932,46.32905573409338,2.281491961443005,-73.52941176470576,-89.77272727272722,0
2690,109/12/17,37882117,1550101718,40.75,41.25,40.1,41.98,0.7000000000000028,16108,0,20.01293428,33.27789246,59.80780881,59.27718001769953,53.44715044947424,2.20750884940173,-32.35294117647037,-73.86363636363626,0
2691,109/12/18,47405515,1955897416,41.95,41.95,40.7,41.69500000000001,-0.4500000000000028,18435,0,20.52144337,29.02574276,46.03434155,56.42626725431753,48.48647454864685,2.1193999250645845,-50.0,-84.09090909090905,0
2692,109/12/21,39827137,1614732777,40.6,41.1,39.9,41.30499999999999,-0.2000000000000028,17553,0,20.05351127,26.03499893,37.99797426,55.12999999199316,46.19954530749331,2.0190346063190616,-56.521739130435,-83.05084745762713,0
2693,109/12/22,63391548,2536283108,40.25,41.15,38.85,40.995000000000005,-1.5999999999999943,26816,1,14.22370836,22.09790207,37.84628949,45.85910826364459,31.80041777269626,1.886119679055076,-100.0,-100.0,0
2694,109/12/23,37817190,1495887121,39.0,40.1,38.8,40.705,1.1499999999999986,14810,1,20.45293638,21.54958018,23.74286777,52.21266446542296,46.24949545658022,1.753819637957335,-48.88888888888896,-58.928571428571445,0
2695,109/12/24,55460752,2233987569,40.2,40.9,39.5,40.565000000000005,0.25,21737,1,28.39719568,23.83211868,14.70196467,53.51709099847998,49.06464311744133,1.6288316766385278,-22.22222222222218,-50.0,0
2696,109/12/25,31054824,1261757224,40.7,41.1,40.2,40.43,0.0499999999999971,13102,1,35.86268072,27.84230602,11.80155664,53.79456516166717,49.69694465856288,1.5120641446596663,-9.374999999999943,-42.00000000000017,0
2697,109/12/28,163549676,7016738488,41.0,44.1,40.95,40.665000000000006,3.3999999999999986,63548,0,55.35499469,37.01320225,0.329617356,68.05729235609752,75.01048451831761,1.4573688797106388,0.0,0.0,1
2698,109/12/29,101038802,4302798906,43.8,43.8,41.8,40.845000000000006,-1.949999999999996,42175,1,56.08571973,43.37070808,17.94068476,56.96404463436524,55.71460716159934,1.4100137757811464,-52.70270270270265,-40.206185567010266,0
2699,109/12/30,74973613,3186328861,42.1,43.25,41.4,41.03,0.5,30195,0,59.71752385,48.81964667,27.0238923,58.85561581719191,58.96276614244742,1.3745052767404726,-42.028985507246304,-29.8969072164948,0
2700,109/12/31,70937553,3041020178,43.15,43.85,41.9,41.14,-0.0500000000000042,26644,0,61.82426118,53.15451817,35.81503215,58.57242632116317,58.44833157801171,1.3443529179747156,-44.11764705882355,-30.927835051546428,0
2701,110/01/04,68570351,2820116810,42.55,42.7,40.7,41.154999999999994,-1.3999999999999986,28943,0,54.42372129,53.57758588,51.88531505,51.01251525421034,45.19837654147968,1.2937380860676255,-100.0,-59.79381443298973,0
2702,110/01/05,41125504,1670120154,40.9,41.25,40.2,41.15,-0.3999999999999986,19326,0,46.97430476,51.37649217,60.180867,49.0238771002238,41.93872824213569,1.2236206283689204,-100.0,-68.04123711340209,0
2703,110/01/06,80952893,3198808111,40.65,40.95,38.7,41.175,-1.2999999999999972,35344,1,34.40262293,45.71853576,68.35036142,43.0273515204178,32.73233530898068,1.1214253559830514,-100.0,-100.0,0
2704,110/01/07,36115151,1423020723,39.65,39.85,38.85,41.12,0.3499999999999943,15082,1,28.18199553,39.87302235,63.25507598,45.01904141737192,37.18714084391031,1.0075096662066911,-88.709677419355,-92.3913043478262,0
2705,110/01/08,56804763,2303907735,40.5,41.1,40.1,41.11,0.7000000000000028,21831,0,28.35589826,36.03398098,51.39014644,48.94559233995132,45.80146464104053,0.9010912674075744,-38.23529411764707,-77.1739130434783,0
2706,110/01/11,33107127,1316217801,40.2,40.2,39.5,41.06,-0.3500000000000014,12468,0,26.67092246,32.91296148,45.39703951,47.09571467904188,42.319203287081855,0.7973128388049575,-46.15384615384636,-84.78260869565226,0
2707,110/01/12,40855075,1628976497,40.05,40.75,39.1,40.61,-0.6000000000000014,15744,1,21.66411012,29.16334436,44.16181283,43.96251657253817,36.59553393773574,0.6892394422777627,-90.476190476191,-96.825396825397,0
2708,110/01/13,27911738,1112483144,39.5,40.15,39.25,40.4,0.4500000000000028,11353,1,21.23885658,26.52184843,37.08783213,46.87815434484681,43.47592365097911,0.5897480001633064,-52.63157894736826,-82.53968253968263,0
2709,110/01/14,53308920,2167821756,40.0,41.2,39.75,40.205,0.6499999999999986,18751,0,28.32590439,27.12320042,24.71779248,50.93441153859979,52.42458134773835,0.509877281996366,0.0,-61.29032258064523,0
2710,110/01/15,60664603,2439340992,40.75,40.9,39.6,39.97,-0.4499999999999957,19366,0,35.22380554,29.82340213,19.0225953,48.13537522683899,46.3309518197437,0.4381498078668278,-40.90909090909047,-55.88235294117637,0
2711,110/01/18,66527105,2541648755,39.95,39.95,37.25,39.7,-1.75,29909,1,31.49941466,30.38207297,28.14738959,38.97349152927973,30.037535508521017,0.3463675740960319,-100.0,-100.0,0
2712,110/01/19,31717832,1223417761,38.7,39.0,38.35,39.5,0.2999999999999971,13857,0,31.54813298,30.77075964,29.21601296,41.08795601479546,34.75747209604979,0.2508236648865719,-86.36363636363646,-86.36363636363646,0
2713,110/01/20,67641190,2650426764,39.0,39.85,38.3,39.41,-0.2000000000000028,22026,1,29.89284815,30.47812248,31.64867114,40.06983168406658,32.97763381781647,0.1541680189279338,-95.45454545454572,-95.45454545454572,0
2714,110/01/21,49321630,1957962287,39.0,40.45,39.0,39.415000000000006,1.3000000000000045,17718,1,39.75978906,33.57201134,21.19645589,49.08966083005306,52.10695039189185,0.0822717672304851,-20.00000000000008,-36.3636363636363,0
2715,110/01/22,59351983,2399473337,40.0,40.8,40.0,39.47,1.1999999999999955,22301,1,56.46433195,41.20278488,10.67969073,55.838474796820535,63.611366566634175,0.0486209296495923,0.0,0.0,1
2716,110/01/25,99278429,4159081368,40.85,42.75,40.7,39.754999999999995,1.9500000000000028,37723,0,70.9762213,51.12726368,11.42934845,64.29822163123993,75.21903361078579,0.0717059033889568,0.0,0.0,1
2717,110/01/26,90563523,3851971265,43.45,43.5,41.5,40.025,-0.75,36790,0,72.6508142,58.30178052,29.60371317,59.47777423769045,65.56596192373094,0.1170123878147625,-16.85393258426965,-16.483516483516496,1
2718,110/01/27,62746375,2582589637,42.3,42.45,40.3,40.120000000000005,-1.2999999999999972,24194,0,66.83387613,61.14581239,49.76968491,52.03913900298316,51.75174892360269,0.1528644082158707,-65.07936507936502,-45.05494505494502,0
2719,110/01/28,53511262,2129269105,39.6,40.45,39.2,40.04,-1.1000000000000014,20493,0,57.08925076,59.79362518,65.20237403,46.61303678912871,42.63146174135173,0.1630128651201515,-100.0,-69.23076923076924,0
2720,110/01/29,38520625,1538572272,40.5,40.7,39.1,39.975,-0.3000000000000042,14680,1,44.46975691,54.68566909,75.11749345,45.1991665612136,40.3067400258814,0.1513609634248949,-100.0,-75.82417582417594,0
2721,110/02/01,32858235,1301611510,39.35,40.45,38.6,40.2,1.1500000000000057,13662,0,43.42855589,50.93329802,65.94278229,51.41340467005517,52.27750096867001,0.1446584273380559,-57.40740740740724,-51.68539325842687,0
2722,110/02/02,46017091,1866206540,40.7,41.15,39.95,40.375,-0.2000000000000028,16536,0,40.17686039,47.34781881,61.68973566,50.32175977768591,50.17750284680847,0.1378888267383385,-32.14285714285722,-56.17977528089884,0
2723,110/02/03,22666931,915505711,40.6,40.9,39.9,40.57,0.0,9043,0,38.00906339,44.23490034,56.68657424,50.32175977768591,50.17750284680847,0.1311177885226969,-17.391304347826246,-72.46376811594197,0
2724,110/02/04,16636458,667372074,40.25,40.55,39.9,40.61,-0.25,6896,1,34.86318512,41.11099526,53.60661556,48.75598832606133,46.79399842207777,0.1204133502980705,-39.130434782608745,-79.71014492753616,0
2725,110/02/05,36481004,1484325825,40.4,41.0,40.1,40.625,0.9500000000000028,14280,1,39.22851797,40.48350283,42.99347256,54.6537859443292,59.30657594663733,0.1226869262646629,0.0,-52.17391304347814,1
2726,110/02/17,62182649,2616346956,43.0,43.0,41.35,40.515,0.6999999999999957,22282,1,49.25840592,43.40847053,31.70859975,58.52298732073569,66.31176815988972,0.1438641483374425,0.0,-12.962962962963,1
2727,110/02/18,226941054,10055408783,42.2,45.8,42.2,40.895,4.149999999999999,78130,1,66.17227061,50.99640389,20.64467044,73.35146088951606,84.85713014586113,0.2416625953063814,0.0,0.0,1
2728,110/02/19,162504495,7398458439,45.8,46.7,44.6,41.459999999999994,0.5500000000000043,55523,1,76.00785119,59.33355299,25.98495659,74.67155468283624,86.07615385427196,0.3905831162829611,0.0,0.0,1
2729,110/02/22,169554736,8144248998,47.65,50.0,46.8,42.220000000000006,0.8500000000000014,65422,0,75.81809962,64.82840187,42.84900636,76.63887074234722,87.88486676719818,0.5764103386916914,0.0,0.0,1
2730,110/02/23,77349493,3593625528,46.5,47.15,45.7,42.945,-0.6500000000000057,31928,0,72.49259447,67.38313273,57.16420927,71.9386830274204,78.52453054202869,0.7639444703648073,-11.711711711711803,-9.027777777777851,1
2731,110/02/24,95267773,4459382766,46.65,48.0,45.65,43.465,-0.8999999999999986,35584,1,67.305294,67.35718649,67.46097147,65.7930326579935,66.71780428349149,0.9266174522917328,-100.0,-21.52777777777783,1
2732,110/02/25,116907694,5551453864,47.1,48.4,46.75,44.28,2.75,39344,0,72.92300128,69.21245809,61.7913717,73.42397619296244,78.54574280651457,1.1069430559467193,0.0,0.0,1
2733,110/02/26,104344850,4913514042,46.8,47.65,46.55,44.975,-1.1999999999999955,37564,0,72.52105809,70.31532476,65.90385808,66.32224657829731,66.22232169370756,1.267211768513855,-43.63636363636348,-14.28571428571424,0
2734,110/03/02,99120760,4625617558,48.75,48.75,45.0,45.485,-2.1000000000000014,37623,0,62.79823911,67.80962954,77.8324104,55.91198022228312,49.81072613688202,1.370115154114116,-100.0,-44.295302013422805,1
2735,110/03/03,64468500,2845510289,45.2,45.45,43.4,45.809999999999995,-0.8999999999999986,27345,0,50.41250129,62.01058679,85.20675779,52.059680983659305,44.17986004293185,1.4141869546686527,-100.0,-62.22222222222216,0
2736,110/03/04,95024881,4029252676,43.7,43.7,41.7,45.835,-2.3000000000000043,40987,0,34.41154704,52.81090688,89.60962654,43.61262487877254,32.80669424323992,1.3791555660380117,-100.0,-100.0,0
2737,110/03/05,72705692,2960779742,40.65,41.35,40.3,45.29,-1.5499999999999972,29409,0,23.11285267,42.91155547,82.50896108,38.93004370352068,27.15377956063089,1.2685075149493483,-100.0,-100.0,0
2738,110/03/08,56236428,2289714281,41.25,41.4,40.05,44.67,-0.2000000000000028,17826,1,15.79171021,33.87160705,70.03140074,38.34568360180453,26.44813728176341,1.1101826900353486,-100.0,-100.0,0
2739,110/03/09,47489774,1913775050,40.5,40.75,39.85,43.989999999999995,0.25,17862,1,12.5877319,26.776982,55.1554822,39.59246264589098,29.20764690647856,0.9317329089527312,-93.82716049382717,-96.96969696969695,0
2740,110/03/10,56329982,2341736278,40.85,42.15,40.75,43.53,1.5500000000000045,20712,1,16.25698981,23.27031794,37.2969742,46.913823732921664,44.6559869373211,0.7726295645870984,0.0,-78.18181818181813,0
2741,110/03/11,62831444,2701194164,42.5,43.45,42.35,43.309999999999995,1.5,23580,1,24.32113927,23.62059171,22.2194966,52.98025412995211,55.84550128188903,0.6561632970374073,0.0,-59.99999999999995,0
2742,110/03/12,94282855,4193075190,44.5,45.1,43.95,42.93,1.1499999999999986,38611,0,34.00435502,27.08184615,13.23682841,57.11332990696963,62.7704451971984,0.5893785268802844,0.0,-36.87943262411347,0
2743,110/03/15,35632143,1568775173,44.6,44.6,43.75,42.61,-0.6000000000000014,14741,0,47.37195097,33.84521442,6.791741333,54.37047813852374,57.15798977829939,0.5463181623520833,-14.28571428571431,-22.22222222222224,0
2744,110/03/16,44309355,1940804512,44.4,44.45,43.35,42.46,-0.3999999999999986,18543,1,55.39082445,41.02708443,12.29960439,52.52079403007654,53.34241182752344,0.5127581551338538,-37.73584905660379,-22.47191011235953,0
2745,110/03/17,27229417,1188034127,43.65,43.95,43.2,42.43,0.2999999999999971,11070,1,62.64150202,48.23189029,19.41266685,53.81698979583275,55.98670599064967,0.4905297040891353,-60.86956521739163,-15.73033707865174,0
2746,110/03/18,28244618,1251246751,44.4,44.6,44.0,42.675,0.4500000000000028,11824,1,70.33242992,55.59873683,26.13135067,55.80765463775423,60.06104092520224,0.4826303758196982,-25.0,-5.617977528089884,1
2747,110/03/19,74144331,3316473883,44.4,45.1,44.05,43.115,0.3999999999999986,30798,0,77.99939772,63.0656238,33.19807595,57.59486045302841,63.65028196430033,0.4894081140746585,0.0,0.0,0
2748,110/03/22,38078821,1689182999,44.8,44.85,43.85,43.559999999999995,-0.1499999999999985,15652,0,81.50151419,69.21092059,44.6297334,56.64982084330886,61.1762722160602,0.5015212305638544,-13.043478260869456,-3.448275862068932,1
2749,110/03/23,41091204,1829807353,44.95,45.1,43.9,43.915,-0.6499999999999986,16965,0,73.72828219,70.71670779,64.693559,52.5404542395732,50.89041658761317,0.5048300304823357,-94.11764705882304,-28.5714285714285,1
2750,110/03/24,39890171,1742323222,43.85,44.65,43.15,44.065000000000005,-0.5,16242,0,54.28039325,65.23793628,87.15302233,49.50202817916228,44.05328951466919,0.493319184849698,-100.0,-100.0,0
2751,110/03/25,24725517,1065393899,43.5,43.7,42.85,44.015,-0.5,11324,1,37.66841032,56.04809429,92.80746224,46.54138007353463,37.93707468744808,0.464021507851004,-100.0,-100.0,0
2752,110/03/26,25629089,1121287826,43.1,44.15,43.1,43.96,1.0999999999999943,10494,1,42.89005132,51.66207997,69.20613726,53.30051689806069,54.58352779017325,0.4416034808522052,-33.33333333333362,-38.88888888888911,0
2753,110/03/29,60074672,2678672093,44.4,45.1,43.8,44.065,1.0,21927,0,61.18596014,54.83670669,42.1381998,58.54229628260169,64.86431655780073,0.4396205875060349,0.0,0.0,0
2754,110/03/30,64510668,2889640614,45.3,45.7,44.2,44.17,-0.3999999999999986,23830,0,61.84327167,57.17222835,47.83014171,55.7870964725125,58.50715488654332,0.4431662359579948,-19.047619047619037,-19.047619047619037,0
2755,110/03/31,37050280,1653230582,44.45,45.15,44.2,44.214999999999996,-0.2999999999999971,14613,1,58.77270743,57.70572138,55.57174927,53.70199259735197,53.764760832747605,0.4441948082712249,-33.33333333333322,-33.33333333333322,0
2756,110/04/01,100766074,4581425841,45.1,45.95,44.85,44.309999999999995,0.9499999999999956,39686,1,65.52589098,60.31244458,49.88555178,59.03532319845506,64.65237061876427,0.4577360919015458,0.0,0.0,1
2757,110/04/06,44325765,2025717221,46.15,46.4,45.35,44.379999999999995,0.1500000000000056,19658,0,68.09707286,62.90732067,52.5278163,59.83885420342684,66.16214204462231,0.4797601333593329,0.0,0.0,1
2758,110/04/07,31152492,1410968232,45.8,45.85,45.0,44.455,-0.1000000000000014,13754,1,68.87222698,64.89562277,56.94241437,58.99030857505861,63.97609928412419,0.5032575544539653,-9.090909090909207,-4.000000000000057,1
2759,110/04/08,46204049,2119067456,45.5,46.2,45.45,44.645,0.5,18675,1,74.08383207,67.9583592,55.70741348,61.95736123428463,69.93609257974673,0.533276869931507,0.0,0.0,1
2760,110/04/09,165367941,7835267085,46.25,49.15,45.7,45.07,1.8500000000000012,62086,0,74.733574,70.21676413,61.18314441,70.61129568595761,82.66788528743967,0.5941105439945402,0.0,0.0,1
2761,110/04/12,98384333,4648261943,48.0,48.1,46.4,45.455,-0.9000000000000057,41734,0,68.51397145,69.64916657,71.91955682,62.948428056106295,66.28133884789705,0.6553559868634249,-38.29787234042575,-24.65753424657546,1
2762,110/04/13,81250808,3763465012,47.1,47.9,44.8,45.545,-1.8499999999999943,36411,0,50.72648602,63.34160639,88.57184713,50.5455614712326,44.51560379500917,0.6826395727494288,-100.0,-82.08955223880594,0
2763,110/04/14,67333772,2997443296,45.45,45.6,43.9,45.51,-0.25,26078,1,38.89702242,55.19341173,87.78619035,49.10727954260375,42.26493397596799,0.6816617963142453,-100.0,-89.5522388059701,0
2764,110/04/15,39992803,1807665157,45.0,45.6,44.85,45.575,0.5999999999999943,16128,1,34.82023717,48.40235355,75.56658629,52.66328974339142,49.603222364458816,0.6710406065989919,-80.0000000000002,-71.64179104477626,0
2765,110/04/16,131744444,6223068404,46.45,47.85,46.3,45.855,1.8500000000000012,51917,0,43.84841208,46.88437306,52.95629501,61.73218119375508,65.72301490174952,0.6829181248149815,0.0,-18.33333333333348,0
2766,110/04/19,66417886,3127647825,47.5,47.85,46.55,46.025,-0.1499999999999985,28110,0,48.9148144,47.56118684,44.85393171,60.69507835441315,63.739364275118994,0.7043250872185689,-6.122448979591789,-23.333333333333428,0
2767,110/04/20,76392291,3616564393,47.0,48.4,46.35,46.17,-0.1000000000000014,33389,1,51.65749532,48.926623,43.46487836,59.95641377315998,62.23662469733431,0.7273819913408771,-10.20408163265308,-26.66666666666681,0
2768,110/04/21,42108962,1979028329,46.6,47.4,46.55,46.33,0.0500000000000042,18420,0,53.80340958,50.55221852,44.04983642,60.22266533715487,62.763366346897634,0.7494042360591848,-10.810810810810572,-25.0,0
2769,110/04/22,72381896,3343623117,47.5,47.65,44.1,46.235,-2.0500000000000043,32005,1,43.27634713,48.12692806,57.82808992,46.32969310525238,37.22034201776807,0.7352089373001562,-100.0,-93.33333333333348,0
2770,110/04/23,46855587,2165692069,45.25,46.8,45.05,46.14,1.8500000000000012,19283,1,49.96200919,48.73862177,46.29184692,56.33029249971286,56.42487783799356,0.7268973045875999,-11.904761904761898,-16.32653061224487,0
2771,110/04/26,116970945,5618093974,47.5,48.65,47.4,46.265,1.2999999999999972,46101,1,62.43081315,53.30268556,35.04643039,61.82821628769929,65.36024742227369,0.741793144035915,0.0,0.0,0
2772,110/04/27,102792985,4950846599,48.15,48.75,47.55,46.63,0.5500000000000043,37004,0,73.87860661,60.16132591,32.72676451,63.94094987668798,68.62641618896016,0.7775383450634706,0.0,0.0,1
2773,110/04/28,126417813,5970208500,47.7,47.85,46.75,46.839999999999996,-1.8000000000000045,54327,0,68.60724312,62.97663165,51.71540871,53.31731667244818,50.08127080468181,0.7939875836194473,-48.64864864864873,-48.64864864864873,0
2774,110/04/29,55124198,2540013026,46.95,47.1,45.8,46.894999999999996,-0.9499999999999956,23221,0,58.28296495,61.41207608,67.67029835,48.62687115625528,42.76255454931831,0.7805138369900277,-100.0,-74.32432432432427,0
2775,110/05/03,66532411,3076894885,46.0,47.1,45.3,46.735,-0.3000000000000042,23898,0,49.2495752,57.35790912,73.57457697,47.18495602109559,40.51870359203688,0.7424259853110438,-100.0,-82.43243243243249,0
2776,110/05/04,75797325,3406540249,46.35,46.65,42.35,46.525,-0.6499999999999986,29953,0,46.11430013,53.61003946,68.60151811,44.070406652887854,35.65443771487719,0.6788446081954203,-100.0,-100.0,0
2777,110/05/05,65883549,2854295712,44.6,45.15,42.0,46.035,-2.8999999999999986,29724,0,30.74286675,45.98764856,76.47721216,33.2872313537054,21.70439894844652,0.5548023936333886,-100.0,-100.0,0
2778,110/05/06,51029660,2122439304,42.5,42.8,40.5,45.435,-1.0499999999999972,21947,1,22.31342632,38.09624114,69.66187079,30.33142233381948,18.550858643560183,0.3813503517061867,-100.0,-100.0,0
2779,110/05/07,64356954,2752334653,41.7,43.7,41.65,45.255,2.1499999999999986,25450,0,25.38066805,33.85771678,50.81181424,41.94308691340812,39.97899103821511,0.2194546495788639,-53.26086956521736,-71.89542483660132,0
2780,110/05/10,41388236,1779506122,43.3,43.75,42.0,44.84,-0.5,19953,0,25.40529385,31.04024247,42.31013971,40.2279088070644,37.24452202503588,0.0648116880653685,-58.22784810126581,-78.43137254901961,0
2781,110/05/11,67393156,2708469757,40.6,41.1,39.0,44.005,-2.8999999999999986,29605,0,19.57339741,27.21796078,42.50708753,31.90419250206486,25.232601588688,-0.123594281777365,-100.0,-100.0,0
2782,110/05/12,73123295,2749904251,39.4,39.9,35.75,42.83,-2.8500000000000014,29988,1,16.27947492,23.57179883,38.15644664,26.072308837066487,18.279918838436053,-0.3684740879787999,-100.0,-100.0,0
2783,110/05/13,48599244,1810637938,35.2,38.35,35.05,41.95,1.1499999999999986,20543,1,19.01342588,22.05234118,28.13017178,31.620278624170236,27.899631371418888,-0.6167261913153466,-81.60000000000002,-87.22222222222223,0
2784,110/05/14,47740768,1871996608,39.35,40.35,38.2,41.195,0.2999999999999971,21939,0,22.01469772,22.03979336,22.08998465,33.06178696059908,30.462105572450188,-0.8478862311626623,-74.78260869565226,-83.33333333333337,0
2785,110/05/17,49247793,1758507893,35.0,37.5,34.55,40.13,-3.3999999999999986,19747,1,15.77709407,19.95222693,28.30249264,26.18114681539939,20.53603250306625,-1.1085280154950177,-100.0,-100.0,0
2786,110/05/18,49977973,1870886830,35.95,38.35,35.75,39.475,3.450000000000003,18034,1,24.28617866,21.39687751,15.6182752,40.096327073296486,43.10877243070363,-1.31641581846725,0.0,-57.92682926829266,0
2787,110/05/19,34833356,1329855760,38.35,39.15,37.4,39.115,0.0499999999999971,15520,0,30.14006113,24.31127205,12.65369388,40.27580681203497,43.38844589735354,-1.476542527055751,0.0,-57.317073170731724,0
2788,110/05/20,23539181,890954386,38.1,38.45,37.4,38.78,-0.7999999999999972,11362,1,31.14409873,26.58888094,17.47844537,38.25836485114747,39.64638552961318,-1.6077375939801677,-22.857142857142776,-67.0731707317073,0
2789,110/05/21,22294286,857057426,38.45,39.0,37.7,38.35,1.1999999999999955,9564,1,42.39123121,31.85633103,10.78653067,42.9717285515444,47.75673406998201,-1.6911117478769693,0.0,-49.35064935064939,0
2790,110/05/24,23094912,898294774,38.3,39.6,37.85,37.995,0.25,10060,1,54.12288977,39.27851728,9.589772291,43.952261889610384,49.45480610400328,-1.732299079277822,0.0,-13.541666666666774,0
2791,110/05/25,53818504,2184113611,39.7,41.5,39.5,38.06,1.3000000000000045,24021,1,63.89967232,47.48556896,14.65736224,48.9709022455595,57.97775086780679,-1.7201964189114214,0.0,0.0,1
2792,110/05/26,35257062,1445600692,41.25,41.9,40.6,38.455,0.4499999999999957,15235,0,70.94445275,55.30519689,24.02668517,50.65337217298339,60.72842139137499,-1.6642269027809653,0.0,0.0,1
2793,110/05/27,19830052,802834771,40.5,40.95,40.1,38.725,-0.0999999999999943,8784,1,75.18745829,61.93261736,35.42293548,50.248393851012594,59.6865726910973,-1.5814988376661316,-4.999999999999716,-1.694915254237192,1
2794,110/05/28,80941761,3438678025,41.9,43.45,41.6,39.145,1.7999999999999972,35563,0,79.34575142,67.73699538,44.5194833,57.04784099784065,70.5863080428538,-1.4540132698487824,0.0,0.0,1
2795,110/05/31,35882408,1523670782,42.95,43.05,42.05,39.875,-0.2999999999999971,16856,1,79.3434486,71.60581312,56.13054215,55.65340159780242,66.9651690377091,-1.3066299049870078,-13.9534883720929,-6.1224489795917805,1
2796,110/06/01,69310196,3021848745,43.15,44.8,42.85,40.34,0.7999999999999972,28285,1,78.12085763,73.77749462,65.09076861,58.62034151606248,71.62352943590336,-1.1387594593266377,0.0,0.0,1
2797,110/06/02,46222926,2008670219,43.9,44.1,42.65,40.825,0.25,19167,0,78.13690978,75.23063301,69.41807946,59.55059914178735,73.04871601552891,-0.9602640873329296,0.0,0.0,1
2798,110/06/03,32938023,1424439162,43.5,43.65,42.85,41.39,0.0,12687,0,77.99055376,76.15060659,72.47071225,59.55059914178735,73.04871601552891,-0.7822776036055562,0.0,0.0,1
2799,110/06/04,25939905,1105740955,43.2,43.25,42.25,41.775,-0.6000000000000014,13091,1,71.80502326,74.70207882,80.49618992,55.901099709586674,62.244610134355305,-0.6217301074459719,-57.14285714285743,-14.28571428571431,1
2800,110/06/07,24780650,1061174364,42.7,43.3,41.5,42.195,0.6000000000000014,11651,0,70.21044104,73.20486622,79.19371659,58.68616488073438,67.93551983361101,-0.4695394976348001,0.0,0.0,1
2801,110/06/08,24761086,1075471114,43.9,44.05,43.0,42.465,-0.2000000000000028,10283,0,67.72894651,71.37955965,78.68078594,57.35793710886512,64.07243742953305,-0.3326856132340778,-33.33333333333373,-7.843137254902081,1
2802,110/06/09,16999821,724575847,43.0,43.15,42.25,42.620000000000005,-0.6999999999999957,7529,1,53.73848959,65.49920297,89.02062971,52.76059092455922,51.72017877567456,-0.2230284313196374,-100.0,-35.29411764705881,1
2803,110/06/10,52942497,2310582020,42.7,44.15,42.65,42.955,1.6999999999999955,23620,1,61.58323549,64.19388047,69.41517045,61.09164764085584,69.08771895111488,-0.1085351922802732,0.0,0.0,1
2804,110/06/11,76244301,3399824926,44.15,45.3,43.8,43.125,0.1500000000000056,33064,1,64.73970085,64.3758206,63.64806009,61.74643838851386,70.22192727156839,0.0056278049442256,0.0,0.0,1
2805,110/06/15,30698008,1373017752,45.05,45.35,44.35,43.364999999999995,0.3999999999999986,14193,0,69.99962741,66.25042287,58.75201379,63.54599834299457,73.35085178798468,0.1199681395130086,0.0,0.0,1
2806,110/06/16,23326413,1028591275,44.5,44.9,43.55,43.455,-0.7000000000000028,12096,1,67.44563905,66.64882826,65.05520669,58.26926979393237,60.09128623677312,0.2169841935919517,-31.11111111111124,-31.11111111111124,1
2807,110/06/17,24124143,1069862128,44.0,44.8,43.8,43.6,0.8000000000000043,10660,1,72.66938707,68.6556812,60.62826945,62.2137926903349,68.01960568562619,0.3103249643156519,0.0,0.0,1
2808,110/06/18,45101123,2041262828,45.45,45.65,44.85,43.785,0.3999999999999986,20885,0,77.3619207,71.55776103,59.9494417,64.08113440423759,71.42558501275344,0.402143534210513,0.0,0.0,1
2809,110/06/21,32892803,1443888879,44.6,44.8,43.5,43.875,-1.5500000000000045,16267,0,64.31971184,69.14507797,78.79581023,52.93132054838977,47.76880893715027,0.4625488257698224,-100.0,-56.36363636363652,1
2810,110/06/22,35137904,1508790932,44.0,44.15,42.2,43.78,-1.25,17875,1,43.84599147,60.71204913,94.44416447,45.853763024320585,36.17411622234316,0.4791010755652339,-100.0,-100.0,0
2811,110/06/23,49786472,2113922892,42.5,43.05,41.9,43.760000000000005,0.5500000000000043,20494,1,37.67510542,53.0330679,83.74899285,49.144932706977954,43.42473912246632,0.474982352583592,-80.35714285714273,-80.35714285714273,0
2812,110/06/24,114539601,5140937632,44.1,45.65,43.9,44.065,2.549999999999997,48091,0,56.22784806,54.09799462,49.83828773,61.17913649349905,65.3344087864259,0.4977245544163216,0.0,0.0,0
2813,110/06/25,77445262,3543057124,45.9,46.5,44.9,44.155,-0.4499999999999957,34174,1,59.58668132,55.92755685,48.60930792,58.49226683405677,60.38248632767029,0.5277965776220022,-14.516129032257922,-14.516129032257922,0
2814,110/06/28,30030384,1349647393,45.35,45.45,44.25,44.245000000000005,0.1499999999999985,13797,0,62.91286001,58.25599124,48.94225369,59.15008497232225,61.54824336620675,0.5620765729443988,-9.677419354838614,-9.677419354838614,0
2815,110/06/29,34640274,1553780197,45.4,45.9,44.3,44.214999999999996,-0.8000000000000043,14376,1,59.33321102,58.6150645,57.17877145,54.11840268376052,51.79425195395331,0.583152410698105,-43.13725490196089,-35.483870967741964,0
2816,110/06/30,33099820,1494531655,44.85,45.7,44.3,44.395,1.4000000000000057,14833,0,67.0917059,61.44061163,50.1384231,60.57444524724234,63.83127726188138,0.6158543680861727,0.0,0.0,1
2817,110/07/01,31138819,1389855451,45.4,45.45,44.0,44.345,-1.5,14068,1,61.3944706,61.42523129,61.48675266,51.9578628780245,48.3188054448184,0.628793780770966,-100.0,-44.11764705882346,0
2818,110/07/02,27094157,1212538627,44.25,45.3,43.9,44.345000000000006,0.8999999999999986,12780,1,64.11805286,62.32283848,58.73240971,56.08112323415941,56.01512858563612,0.6415939340462515,-40.0000000000001,-17.647058823529424,0
2819,110/07/05,21648008,980076730,45.35,45.8,44.9,44.505,0.0499999999999971,10502,0,66.29609321,63.64725672,58.34958374,56.31027223011634,56.44751538585226,0.6529711954765398,-36.66666666666696,-16.176470588235393,0
2820,110/07/06,14415429,644752864,45.15,45.4,44.45,44.725,-0.6499999999999986,7620,0,51.88970317,59.7280722,75.40481028,52.40061104169204,48.94207653516175,0.6510015772128178,-80.0000000000002,-42.10526315789482,0
2821,110/07/07,15168990,675168883,44.6,44.95,44.15,44.89,0.0,6938,0,42.28544314,53.91386252,77.17070127,52.40061104169204,48.94207653516175,0.6392858796943933,-68.4210526315791,-80.0000000000002,0
2822,110/07/08,36047742,1597123783,45.1,45.25,43.95,44.75,-0.5,14170,0,29.85696209,45.89489571,77.97076294,49.219831037004624,42.659142229728445,0.6126414149239738,-100.0,-100.0,0
2823,110/07/09,37702007,1627796347,43.3,44.0,42.8,44.555,-1.0,17454,1,22.05517903,37.94832348,69.73461239,43.42124348804954,32.61153570636382,0.5606858852657961,-100.0,-100.0,0
2824,110/07/12,19590322,848597073,43.55,43.75,43.05,44.35,0.0499999999999971,8053,1,17.48123046,31.12595914,58.4154165,43.78548818127423,33.55059464263614,0.4951092694600149,-96.66666666666686,-98.14814814814824,0
2825,110/07/13,92903493,4144068048,43.55,45.3,43.35,44.365,1.4000000000000057,37853,0,29.98748698,30.74646842,32.26443131,53.087540070816175,54.74140734783146,0.4456405834627407,-3.333333333333144,-46.29629629629625,0
2826,110/07/14,43402186,1879975115,43.8,44.25,42.95,44.1,-1.4000000000000057,18270,1,22.76943576,28.08745753,38.72350108,44.912494591783606,39.590749671377786,0.3855093787003713,-96.55172413793125,-97.6744186046513,0
2827,110/07/15,24844904,1068638754,43.1,43.35,42.85,43.989999999999995,0.0500000000000042,10099,1,18.51295717,24.89595741,37.66195789,45.24375223626363,40.29889293198813,0.3217663578022353,-93.103448275862,-95.34883720930226,0
2828,110/07/16,34344970,1502497683,43.35,44.2,43.25,43.86,0.6999999999999957,15386,0,25.16248427,24.9847997,24.62943056,49.88467240211186,50.12175651568626,0.2695357555605533,-46.42857142857165,-62.79069767441872,0
2829,110/07/19,18440888,794631754,43.5,43.5,43.0,43.660000000000004,-0.6499999999999986,8572,0,21.44165618,23.80375186,28.52794322,45.91013162186061,42.35624991771836,0.2162742318978411,-92.85714285714278,-90.00000000000009,0
2830,110/07/20,31843843,1342943135,42.75,42.75,41.8,43.410000000000004,-1.1499999999999986,16743,0,16.19919936,21.26890103,31.40830436,39.74700105936587,31.87234164663333,0.1463180926717366,-100.0,-100.0,0
2831,110/07/21,46697707,1908815643,42.5,42.55,40.1,43.010000000000005,-1.5,24066,1,13.3635688,18.63379028,29.17423325,33.32774296617937,22.97240612117733,0.0453001957922869,-100.0,-100.0,0
2832,110/07/22,33554802,1376158361,41.3,41.75,40.45,42.705,0.4500000000000028,13549,1,14.35776382,17.20844813,22.90981675,36.7013084425354,30.00833902173635,-0.0628148450694649,-86.36363636363626,-88.60759493670881,0
2833,110/07/23,34235627,1446370113,41.9,42.75,41.6,42.635000000000005,1.3499999999999943,15578,1,23.67440665,19.36376764,10.74248961,45.758429662242975,47.32854862814699,-0.1480290399146756,-32.07547169811328,-54.43037974683554,0
2834,110/07/26,31320695,1340015089,42.3,43.2,42.05,42.629999999999995,0.7000000000000028,13247,0,39.07611046,25.93454858,-0.348575185,49.85116143912416,54.35653579500668,-0.2029168799430112,0.0,-36.70886075949372,0
2835,110/07/27,31448356,1354710039,43.5,43.8,42.5,42.475,-0.1000000000000014,12820,0,48.81496795,33.56135503,3.054129205,49.26700145350187,53.140997672924165,-0.2370523899993034,-4.000000000000057,-27.272727272727256,0
2836,110/07/28,59902500,2475305493,42.5,43.0,40.7,42.285,-1.75,25617,1,41.07989733,36.0675358,26.04281273,40.19915458552731,36.159964691522326,-0.2837712393978046,-90.24390243902458,-80.30303030303033,0
2837,110/07/29,28403928,1169800416,41.6,41.6,40.6,42.115,0.25,12633,1,39.09830993,37.07779384,33.03676166,41.88015243789496,39.47546497650416,-0.3312926267872869,-86.4864864864865,-72.72727272727275,0
2838,110/07/30,36512442,1525206635,41.05,42.5,40.95,41.885000000000005,0.1000000000000014,16281,1,38.67815257,37.61124675,35.47743512,42.590217933846745,40.947557324132646,-0.3744753552839502,-81.08108108108102,-62.2641509433962,0
2839,110/08/02,86605581,3770055865,42.3,44.15,42.2,41.980000000000004,2.6000000000000014,34816,0,58.70724574,44.64324642,16.51524776,57.455759895778826,66.42561290700867,-0.3703399998917619,0.0,0.0,0
2840,110/08/03,41108691,1777079569,43.65,43.65,42.85,42.114999999999995,-0.75,18188,1,65.26428996,51.5169276,24.02220287,53.09345109745536,57.79420105048998,-0.3478851005786497,-25.4237288135593,-20.833333333333325,0
2841,110/08/04,38620164,1700080191,43.9,44.3,43.65,42.489999999999995,0.8999999999999986,16631,1,76.39240952,59.8087549,26.64144567,57.36623072225904,64.44674986559244,-0.2999731140982864,0.0,0.0,1
2842,110/08/05,84343393,3793509107,44.3,45.5,43.85,42.94,1.2000000000000028,32697,0,83.92147029,67.8463267,35.69603951,62.39083767320478,71.60725036975028,-0.2187877455186782,0.0,0.0,1
2843,110/08/06,242770300,11149619317,46.5,48.0,44.0,43.11,-1.4500000000000028,106343,0,71.26296218,68.98520519,64.42969122,53.94102635759565,55.422148672549866,-0.1436383784308529,-69.04761904761914,-33.720930232558175,1
2844,110/08/09,35169267,1525335754,43.7,43.9,42.95,43.120000000000005,-0.8999999999999986,16721,0,58.76990271,65.58010437,79.20050767,49.37536490293427,47.43623832261048,-0.0902433075819564,-100.0,-54.65116279069765,1
2845,110/08/10,27977857,1202539797,43.25,43.7,42.5,43.1,-0.3999999999999986,12065,0,48.6393946,59.93320111,82.52081413,47.41338033953781,44.05095423414607,-0.0594585496393812,-100.0,-63.95348837209296,0
2846,110/08/11,45016906,1873936905,42.4,42.4,41.0,43.14,-1.1500000000000057,19739,0,35.2631425,51.70984824,84.60325972,42.120313296429465,35.34796592098447,-0.0626713459584073,-100.0,-96.29629629629632,0
2847,110/08/12,36797039,1500804988,41.05,41.25,40.5,43.08,-0.75,17734,0,24.842095,42.75393049,78.57760148,38.997144937075205,30.61444652383593,-0.0988477018458544,-100.0,-100.0,0
2848,110/08/13,86793287,3386922176,40.6,40.65,38.15,42.75,-2.5999999999999943,41116,0,16.7306014,34.07948746,68.77725958,30.40111243930001,19.66152033616489,-0.1950447414804436,-100.0,-100.0,0
2849,110/08/16,37263140,1410610804,37.75,38.65,37.2,42.135000000000005,-0.25,16503,0,13.46854908,27.20917467,54.69042584,29.708476592480416,18.882047920264387,-0.3273628326874269,-100.0,-100.0,0
2850,110/08/17,25101544,946329635,38.15,38.3,37.45,41.565,-0.3000000000000042,10162,1,10.36792161,21.59542365,44.05042773,28.84111252044238,17.86232066392979,-0.4794247649245189,-100.0,-100.0,0
2851,110/08/18,48517885,1869555565,37.3,39.75,37.2,41.11,2.0500000000000043,21844,0,14.62799712,19.27294814,28.56285018,41.646996251897896,43.07229729175352,-0.6020911577357487,-34.92063492063476,-73.71794871794867,0
2852,110/08/19,27380886,1052109396,38.9,39.0,38.05,40.385000000000005,-1.5,14529,0,14.72712246,17.75767291,23.81877382,36.3777730317909,33.92872009986155,-0.722461957305938,-73.17073170731692,-91.33858267716528,0
2853,110/08/20,18701840,709713636,38.35,38.65,37.55,39.760000000000005,-0.4500000000000028,8532,1,12.63859446,16.05131343,22.87675137,34.91980286867492,31.519894511268397,-0.8406167375286482,-95.12195121951214,-98.16513761467888,0
2854,110/08/23,15354202,593568670,38.35,39.05,38.25,39.33,1.0499999999999972,6953,0,18.6821399,16.92825559,13.42048696,40.99006105284474,42.87567506140286,-0.932520618598748,-43.902439024390425,-77.22772277227727,0
2855,110/08/24,19066341,736176588,39.15,39.35,38.1,38.92,-0.1999999999999957,8770,1,23.97739368,19.27796828,9.879117496,40.2043466857869,41.30990248290294,-1.0042186714063308,-56.4102564102564,-75.64102564102556,0
2856,110/08/25,16994551,664870058,38.75,39.45,38.5,38.695,0.6999999999999957,7657,0,36.27478419,24.94357359,2.281152375,44.31389156402069,49.11466418277836,-1.0460366634545477,0.0,-47.61904761904764,0
2857,110/08/26,14755959,578726887,39.65,39.75,38.85,38.54,-0.0499999999999971,6646,0,50.98057508,33.62257408,-1.093427911,44.075884526697926,48.56113962098172,-1.065347835697887,-3.2258064516127254,-21.951219512195213,0
2858,110/08/27,15659913,612889323,39.3,39.6,38.9,38.635,-0.1000000000000014,6744,1,59.47724613,42.2407981,7.767902035,43.561163324599576,47.28224417467733,-1.0687071441380696,-21.42857142857136,-26.82926829268308,0
2859,110/08/30,16297993,642197427,39.55,39.7,39.15,38.805,0.5,7422,1,71.67764121,52.05307914,12.80395499,46.96741333595489,54.475744583054144,-1.0514790251500323,0.0,-2.4390243902441053,1
2860,110/08/31,22961685,917588182,39.8,40.3,39.5,39.07000000000001,0.6499999999999986,10401,1,81.11842747,61.74152858,22.9877308,51.18074504971408,62.465577462263546,-1.00948332819918,0.0,0.0,1
2861,110/09/01,30674502,1262272662,40.3,41.7,40.2,39.26,1.3000000000000045,13851,0,86.60907213,70.03070977,36.87398503,58.44411348477964,73.5899461241734,-0.93112371959453,0.0,0.0,1
2862,110/09/02,24101317,986278336,41.0,41.4,40.5,39.529999999999994,-0.7000000000000028,9763,1,83.66530735,74.57557563,56.39611219,53.71089362460465,61.762146712022826,-0.8431255276816578,-28.57142857142865,-18.181818181818247,1
2863,110/09/03,21496371,893741225,41.35,41.9,41.15,39.904999999999994,0.6000000000000014,9108,0,85.60143297,78.25086141,63.54971828,56.99474382235603,67.18676271933471,-0.7422047659147756,-5.128205128205194,-3.333333333333381,1
2864,110/09/06,17825962,738763794,41.8,41.8,41.1,40.14,-0.3500000000000014,7471,1,83.04801414,79.84991232,73.45370868,54.51323417207098,61.11745953973379,-0.6423672316005916,-34.61538461538472,-15.000000000000094,1
2865,110/09/07,26908551,1115522412,41.3,41.75,40.85,40.43,0.3500000000000014,10593,0,84.32709139,81.34230534,75.37273324,56.59217383446761,64.92017460758335,-0.5413941613482126,-14.285714285714432,-4.081632653061278,1
2866,110/09/08,43909003,1747072580,40.65,40.8,38.85,40.39,-2.6000000000000014,18036,0,56.76450901,73.14970657,105.9201017,41.20381659015613,34.68295719766709,-0.4852500690364686,-100.0,-100.0,1
2867,110/09/09,14862413,580761103,38.9,39.4,38.8,40.355000000000004,0.0,7415,1,38.91827483,61.73922932,107.3811383,41.20381659015613,34.68295719766709,-0.4590410946456536,-100.0,-100.0,0
2868,110/09/10,18484139,735555200,39.05,40.2,39.05,40.445,1.1499999999999986,7738,0,39.38637677,54.28827847,84.09208187,48.67327780632188,49.62643851719303,-0.4335749641171728,-55.76923076923085,-57.407407407407504,0
2869,110/09/13,10325362,410869603,40.05,40.3,39.45,40.42999999999999,-0.5499999999999972,4925,0,33.78446623,47.45367439,74.79209071,45.6240392202004,43.8666582291597,-0.4176961341019229,-76.92307692307688,-77.77777777777774,0
2870,110/09/14,9006603,353385580,39.7,39.7,39.0,40.305,-0.4500000000000028,4703,0,25.21114953,40.03949944,69.69619925,43.188944214963065,39.37928952176317,-0.4148863060180383,-86.95652173913054,-94.4444444444445,0
2871,110/09/15,20882236,798738194,39.1,39.15,38.0,39.945,-1.0499999999999972,10992,1,16.80743302,32.2954773,63.27156585,37.98530406834585,30.61134728781455,-0.43622169792512,-100.0,-100.0,0
2872,110/09/16,8208958,313406759,38.3,38.45,38.0,39.675,0.2000000000000028,4119,0,12.95934131,25.85009864,51.63161328,39.51229053812268,33.97167789275458,-0.467387288774033,-90.24390243902424,-94.2857142857142,0
2873,110/09/17,40103600,1495706413,37.5,37.95,37.0,39.24,-1.0500000000000045,17017,0,9.692192454,20.46412991,42.00800482,34.593215067574775,26.030056026388337,-0.5187673726843787,-100.0,-100.0,0
2874,110/09/22,28127920,1012055226,35.7,36.8,35.05,38.765,-0.75,11375,0,14.28754859,18.40526947,26.64071122,31.510901895374964,21.684921125817485,-0.5909075165132939,-100.0,-100.0,0
2875,110/09/23,18789196,681955533,36.65,37.05,35.9,38.239999999999995,-0.1499999999999985,9213,1,17.14408001,17.98487298,19.66645893,30.905088998288157,20.84963020717764,-0.6733243227992531,-100.0,-100.0,0
2876,110/09/24,10562065,386636484,36.4,36.9,36.35,38.035000000000004,0.6000000000000014,5576,1,22.8579581,19.60923469,13.11178786,36.2941107884217,33.200423647004364,-0.7467546249446102,-69.23076923076921,-84.21052631578942,0
2877,110/09/27,11991687,447377330,36.85,37.65,36.65,37.894999999999996,0.6499999999999986,5529,0,30.79419429,23.33755456,8.42427509,41.71163136846175,44.46580166758648,-0.7986306474023247,0.0,-67.10526315789471,0
2878,110/09/28,8123028,303193814,37.3,37.6,36.9,37.63,-0.1000000000000014,4071,0,37.375341,28.0168167,9.299768119,41.11986269366538,43.12318875980405,-0.8340526389129592,-8.000000000000114,-64.61538461538467,0
2879,110/09/29,14652525,542054495,36.4,37.75,36.4,37.365,-0.5499999999999972,7360,0,39.55104034,31.86155792,16.48259307,37.86944542767108,35.957497585402315,-0.864178637365806,-51.99999999999989,-78.5714285714285,0
2880,110/09/30,10136384,373697728,36.9,37.15,36.5,37.144999999999996,0.0,4600,0,44.01441905,35.91251163,19.70869678,37.86944542767108,35.957497585402315,-0.8874363174307938,-100.0,-69.23076923076921,0
2881,110/10/01,14737226,540779171,36.8,37.35,36.2,36.975,-0.5500000000000043,6776,0,43.71076213,38.51192846,28.11426113,34.563535679838054,29.014786524106512,-0.9119221444688024,-100.0,-97.4358974358976,0
2882,110/10/04,12531912,448767595,36.75,36.8,35.3,36.7,-0.8499999999999943,5896,1,34.07877969,37.0342122,42.94507723,30.096969820789653,21.364601871782167,-0.9473769612532228,-100.0,-100.0,0
2883,110/10/05,11626657,407867407,35.05,35.65,34.4,36.54,0.0999999999999943,5395,0,34.16197253,36.07679898,39.90645188,31.246770190453343,24.186625754762623,-0.9840936228991096,-92.85714285714326,-95.12195121951248,0
2884,110/10/06,21135716,732172491,35.65,35.85,34.0,36.315,-1.3999999999999986,9651,1,24.10798169,32.08719321,48.04561627,24.93145782217418,15.089205597558268,-1.039769670291203,-100.0,-100.0,0
2885,110/10/07,13377864,467857371,34.55,35.35,34.4,36.21,1.0500000000000045,5920,1,26.73865446,30.30434696,37.43573197,35.65966114113694,36.5637138227533,-1.08528848080557,-51.16279069767419,-68.65671641791033,0
2886,110/10/08,35774611,1288647710,36.65,36.85,35.45,36.084999999999994,0.3999999999999986,15429,0,32.04799186,30.88556193,28.56070206,39.29509442405353,43.13780715233097,-1.1131994023991156,0.0,-56.71641791044769,0
2887,110/10/12,13349040,474334345,35.0,36.0,34.9,35.89,-0.0500000000000042,6653,0,35.14310568,32.30474318,26.62801817,38.99215709305474,42.47749652402079,-1.1268714178906074,-3.4482758620692526,-56.92307692307696,0
2888,110/10/13,15978683,556505904,35.55,35.7,34.55,35.614999999999995,-0.8999999999999986,7283,1,29.89639881,31.50196173,34.71308755,33.82844847160898,31.922814600836304,-1.1426926597017333,-65.5172413793104,-81.4814814814815,0
2889,110/10/14,13558068,477097728,35.2,35.55,34.7,35.48,0.8500000000000014,5674,1,34.85630568,32.62007638,28.14761777,41.83127029007653,46.881399844505125,-1.1428659380177977,-10.526315789473802,-50.0,0
2890,110/10/15,14478167,522477609,36.0,36.3,35.8,35.405,0.6000000000000014,7584,1,47.79894063,37.67969779,17.44121212,46.82478248382013,55.21665710188459,-1.1210448202075272,0.0,-9.302325581395158,0
2891,110/10/18,9920726,358089951,36.4,36.6,35.7,35.39,0.0499999999999971,4788,0,57.01215925,44.12385161,18.34723634,47.23995930171894,55.90853101380964,-1.0832291313538087,0.0,0.0,1
2892,110/10/19,35921612,1250539629,34.6,35.6,34.2,35.385000000000005,-0.75,16489,1,54.38237517,47.54335946,33.86532805,41.84870532136284,43.74386687522831,-1.0468676297942976,-50.0,-37.5,0
2893,110/10/20,26197644,926900403,35.2,35.85,34.75,35.394999999999996,0.25,11392,1,54.49391049,49.86020981,40.59280844,44.18435474814778,48.24798046715812,-1.0069490875783331,-66.66666666666666,-25.0,1
2894,110/10/21,23492679,851236944,35.95,36.75,35.8,35.58,0.3500000000000014,10490,1,58.9707831,52.89706757,40.74963652,47.43567734331589,54.38374104851763,-0.9590145708959642,-19.999999999999808,-9.999999999999904,0
2895,110/10/22,27762616,1022877641,36.45,37.25,36.2,35.775,1.1499999999999986,13210,1,71.55429256,59.11614256,34.23984258,56.57764998649218,68.91499486105145,-0.888035236742453,0.0,0.0,1
2896,110/10/25,18258586,672835574,36.8,37.3,36.35,35.945,0.1499999999999985,8782,1,81.03619504,66.42282672,37.19609009,57.63481802589007,70.3913041965203,-0.8019155371056935,0.0,0.0,1
2897,110/10/26,51979452,1984163319,37.7,38.65,37.25,36.235,1.1500000000000057,20180,0,85.85933602,72.90166315,46.98631743,64.8514889195531,79.39451026914243,-0.6906453805951935,0.0,0.0,1
2898,110/10/27,61398566,2339334364,38.0,38.75,37.65,36.58,-0.3500000000000014,22489,1,85.81098592,77.20477074,59.99234039,61.35264931074788,71.45881187275114,-0.5734542954895198,-14.285714285714327,-11.475409836065603,1
2899,110/10/28,50107222,1960099054,38.45,39.5,38.2,36.95,1.1000000000000014,23106,0,88.65386482,81.02113544,65.75567666,67.42793495584525,79.2723878568515,-0.4398385614910103,0.0,0.0,1
2900,110/10/29,30195388,1190839490,39.6,39.9,39.1,37.260000000000005,0.0,14775,1,88.34234263,83.46153783,73.69992824,67.42793495584525,79.2723878568515,-0.3019300522786993,0.0,0.0,1
2901,110/11/01,33559433,1347000359,39.7,40.45,39.65,37.67,1.0499999999999972,15956,0,91.05863778,85.99390448,75.86443789,72.4330852372117,84.93963730331994,-0.1511200102477205,0.0,0.0,1
2902,110/11/02,31913956,1269760431,40.7,40.9,39.05,38.075,-0.7999999999999972,15419,1,84.56196767,85.51659221,87.4258413,64.16907274083027,67.95280567778286,-0.0125483486870115,-37.20930232558129,-17.39130434782602,1
2903,110/11/03,21737623,867833433,40.0,40.3,39.15,38.495000000000005,0.3999999999999986,10576,0,82.26116994,84.43145145,88.77201449,66.2847208330418,71.3862358787909,0.117498744220628,-38.09523809523807,-9.41176470588232,1
2904,110/11/04,19361604,765946614,40.35,40.4,39.3,38.835,-0.4500000000000028,10289,1,77.1851023,82.01600174,91.6778006,61.771188592104906,62.365964188561016,0.227938228556896,-80.9523809523813,-27.419354838709708,1
2905,110/11/05,14502454,573508610,39.5,39.8,39.25,39.089999999999996,0.3000000000000042,6883,1,73.83116409,79.28772252,90.20083938,63.58935215466496,65.82101388602007,0.324565430897907,-64.70588235294073,-18.644067796610056,1
2906,110/11/08,19900482,801696747,39.95,40.6,39.65,39.395,0.6499999999999986,11323,1,76.91308375,78.49617626,81.66236129,67.29635639623464,72.40730561957156,0.4171006249575809,0.0,0.0,1
2907,110/11/09,33496747,1382438502,41.0,41.7,41.0,39.660000000000004,0.75,18304,1,78.89443679,78.62892977,78.09791574,71.03877372458388,78.21885198377548,0.5132353349928725,0.0,0.0,1
2908,110/11/10,40104909,1671675500,41.2,42.1,40.65,40.06,1.0,18559,1,85.92962453,81.06249469,71.32823502,75.2009669927091,83.7088229005895,0.6213712603614767,0.0,0.0,1
2909,110/11/11,43076616,1826607149,42.2,42.75,42.05,40.385,0.3500000000000014,18233,1,87.91704698,83.34734545,74.2079424,76.50117311596334,85.26834036972704,0.7355284658960547,0.0,0.0,1
2910,110/11/12,40334148,1735322528,42.8,43.4,42.55,40.755,0.4499999999999957,17498,0,88.11328036,84.93599042,78.58141054,78.12334035100773,87.16412490753564,0.8529784528607212,0.0,0.0,1
2911,110/11/15,30104970,1303079385,43.65,43.8,42.6,41.015,-0.0499999999999971,15581,1,85.2654844,85.04582175,84.60649645,77.46971098644511,85.69375964346258,0.9635935378088104,-2.7777777777776245,-1.4285714285713471,1
2912,110/11/16,20859260,899311254,43.1,43.45,42.85,41.385000000000005,0.2999999999999971,10043,0,85.41508484,85.16890945,84.67655866,78.64872379899104,87.24315813383978,1.06671611324995,0.0,0.0,1
2913,110/11/17,40724425,1772924046,43.75,44.2,42.85,41.714999999999996,0.0,21313,0,83.20601615,84.51461168,87.13180274,78.64872379899104,87.24315813383978,1.1573054112829817,0.0,0.0,1
2914,110/11/18,33132752,1409871347,43.15,43.2,42.05,42.055,-0.3500000000000014,16576,0,78.54760051,82.52560796,90.48162285,73.23840566034012,73.81303601554094,1.227068474436761,-100.0,-10.144927536231938,1
2915,110/11/19,19543959,831539775,43.15,43.25,42.2,42.32000000000001,-0.4499999999999957,9850,1,68.32750832,77.79290808,96.72370759,66.74480269073459,59.64661615025171,1.2701447375477657,-100.0,-28.5714285714285,1
2916,110/11/22,49813545,2171157805,42.4,44.0,42.4,42.65,1.2999999999999972,20686,1,73.7206863,76.43550082,81.86512986,74.05493367773164,75.76858105630754,1.3120819264687658,0.0,0.0,1
2917,110/11/23,34359439,1503496317,43.9,44.25,43.05,42.92,0.1499999999999985,15899,0,75.66227572,76.17775912,77.20872593,74.7591564851189,77.03875333419138,1.3505094112897014,0.0,0.0,1
2918,110/11/24,22797621,987854992,44.15,44.2,43.05,43.019999999999996,-0.6999999999999957,11270,0,66.35060805,72.9020421,86.00491018,65.61658451324612,59.55638894728018,1.370476474025878,-48.27586206896537,-48.27586206896537,1
2919,110/11/25,16725869,715902966,43.55,43.6,42.55,43.045,-0.3999999999999986,9390,0,54.08222355,66.62876925,91.72186064,60.93267119670346,51.53680863620611,1.3683208359295365,-75.86206896551707,-75.86206896551707,0
2920,110/11/26,23460991,984348634,42.8,42.8,41.5,42.934999999999995,-0.9000000000000057,11387,1,39.69117934,57.64957261,93.56635916,51.78385666206099,37.79552208042723,1.3349344653234387,-100.0,-100.0,0
2921,110/11/29,21112574,879392896,41.15,42.4,40.75,42.86,0.3000000000000042,10109,1,39.31792908,51.53902477,75.98121614,54.29981801765194,43.790400213486535,1.285467184445963,-84.99999999999979,-84.99999999999979,0
2922,110/11/30,24956713,1065713819,42.75,43.25,42.35,42.785,0.2999999999999971,13494,1,41.92623844,48.33476266,61.1518111,56.78056929571535,49.61710571157782,1.2303703422034886,-53.84615384615389,-69.99999999999993,0
2923,110/12/01,16084863,687485280,42.35,43.0,41.9,42.769999999999996,0.6000000000000014,7060,0,49.37939705,48.68297412,47.29012826,61.39133221119906,59.65446176528479,1.1814016541581631,0.0,-39.99999999999986,0
2924,110/12/02,22274936,952491112,43.0,43.5,42.2,42.745,-0.4500000000000028,13341,0,50.06245518,49.14280114,47.30349307,56.42517343342621,50.58466411685454,1.1289688534634932,-37.50000000000015,-62.5,0
2925,110/12/03,19224517,815599667,42.9,42.9,42.3,42.75,-0.1499999999999985,8677,0,49.08925583,49.1249527,49.19634645,54.799760781271566,47.68469315068688,1.0721471173476154,-66.66666666666693,-69.99999999999993,0
2926,110/12/06,14524620,609623512,41.6,42.5,41.6,42.62,-0.0499999999999971,8277,0,48.18510775,48.81167105,50.06479766,54.226994166961184,46.61571911006522,1.012311809886974,-100.0,-72.49999999999979,0
2927,110/12/07,12695053,535080161,42.45,42.5,41.9,42.47,-0.0500000000000042,6389,0,50.25206014,49.29180075,47.37128197,53.610622638686856,45.39455734478962,0.95061933579818,-100.0,-61.53846153846166,0
2928,110/12/08,19377206,815750642,42.5,42.65,41.9,42.355000000000004,-0.3499999999999943,9176,0,48.04682797,48.87680982,50.53677353,49.29612217538318,37.20714841113098,0.8832461477390197,-100.0,-87.49999999999956,0
2929,110/12/09,15881887,662677294,42.0,42.15,41.4,42.225,-0.5500000000000043,7039,0,39.91000653,45.88787539,57.84361312,43.27589283816479,27.76426270432732,0.8050561866559768,-100.0,-100.0,0
2930,110/12/10,11313861,466170605,41.35,41.5,40.8,42.185,0.0,5334,0,34.01407843,41.92994307,57.76167236,43.27589283816479,27.76426270432732,0.7223504428645274,-100.0,-100.0,0
2931,110/12/13,6356101,263329234,41.35,41.8,41.05,42.08,-0.3500000000000014,3769,0,25.76247204,36.54078606,58.0974141,39.556211828094575,22.52557920917453,0.6339194373512027,-100.0,-100.0,0
2932,110/12/14,14904914,600519821,40.8,40.8,40.05,41.85,-0.9499999999999956,7885,1,17.65807315,30.24654842,55.42349897,31.478002947743267,13.951423764217344,0.5299341223585371,-100.0,-100.0,0
2933,110/12/15,10623153,427841390,40.05,40.6,39.9,41.589999999999996,0.2999999999999971,5477,1,17.32760432,25.94023372,43.16549252,36.01695528199837,24.798676634005822,0.4252292472875884,-76.92307692307709,-87.75510204081642,0
2934,110/12/16,9064303,368878423,40.7,40.95,40.5,41.405,0.3000000000000042,4315,0,21.24870591,24.37639112,30.63176153,40.36243939265163,34.679770474340515,0.3293793097843127,-53.84615384615363,-73.91304347826078,0
2935,110/12/17,9043339,364823509,40.5,40.6,40.2,41.2,-0.3500000000000014,3450,0,19.62034939,22.79104388,29.13243284,37.12652488811335,29.29150208918739,0.2377693200506126,-73.68421052631568,-88.88888888888889,0
2936,110/12/20,6149432,248714443,40.35,40.85,40.2,40.995,-0.0500000000000042,2972,1,17.92871778,21.17026851,27.65336997,36.66461064348827,28.531557902753303,0.1522795493037113,-66.66666666666745,-90.90909090909108,0
2937,110/12/21,10963573,449391318,40.65,41.3,40.6,40.885,0.9000000000000057,4944,1,31.21173778,24.51742493,11.12879924,49.183065052666656,54.198476346421465,0.089119226760216,0.0,-40.54054054054051,0
2938,110/12/22,13869848,576692542,41.85,42.05,41.2,40.83,0.1999999999999957,6892,0,44.06363914,31.03282967,4.971210726,51.52514109873556,58.2015057881231,0.0462533006786642,0.0,0.0,1
2939,110/12/23,7453072,308210638,41.55,41.65,41.15,40.825,-0.0499999999999971,3857,0,51.85637958,37.97401297,10.20927976,50.88026748815867,56.71446142319473,0.0174514703833934,-4.545454545454281,-3.846153846153636,1
2940,110/12/24,6013004,248748408,41.5,41.6,41.2,40.809999999999995,-0.1000000000000014,2914,1,55.50115228,43.81639274,20.44687367,49.51684313985245,53.43767240353523,-0.0026606346295199,-13.636363636363487,-11.538461538461457,0
2941,110/12/27,5072505,209302958,41.35,41.45,41.1,40.834999999999994,0.0499999999999971,2931,1,58.70619454,48.77966001,28.92659094,50.25006743298985,54.99772897998172,-0.0154680934827174,-50.000000000001776,-7.692307692307819,1
2942,110/12/28,8898154,369774192,41.4,41.7,41.35,40.995,0.4000000000000057,4160,1,66.16449006,54.57460336,31.39482996,55.888113778140976,65.94980601771935,-0.0166087321854253,0.0,0.0,1
2943,110/12/29,7325868,305787438,41.85,41.9,41.55,41.14,0.1499999999999985,4125,1,73.83938977,60.99619883,35.30981695,57.85814776187498,69.31074702848137,-0.0079460228226441,0.0,0.0,1
